ID_Produk,nama_produk,kategori_produk,harga_produk,tanggal_rilis,penjualan_unit,margin_keuntungan
4f16334a-785f-49c7-a4b6-9bec18d7a3d5,claim,finish,670.85,2023-09-10,45,45.6
633cc3c1-33cd-4eef-86f1-39ee3a803ee9,the,see,11.59,2021-09-06,534,75.16
8ceed99b-66b5-4283-a278-5051c0dc7c73,along,hundred,368.11,2023-08-10,46,34.55
7821638a-7abe-4572-9627-583da397b0d0,head,exactly,212.54,2023-08-05,424,69.41
717e0a71-6651-4628-b2dc-d87038e95ad1,star,current,373.75,2020-07-10,641,14.41
550c4b01-f06d-4178-b966-02a56fa1f9f5,matter,industry,928.51,2022-11-01,590,32.73
f0c41f68-eae3-4c55-b82d-390c64e1f03d,list,study,104.46,2021-12-11,804,80.82
6d30d578-392d-4372-87ed-0baffe2d634b,concern,yes,19.1,2020-09-01,209,3.1
4da53ab0-46e9-4ec3-99e8-ea84913593b6,chance,Republican,489.59,2020-07-14,385,31.08
bf5a3933-4663-4754-98a8-d6e5846de780,performance,modern,509.7,2023-09-01,106,89.68
e592e665-0909-4e7e-b402-08f1f704c55a,western,system,117.58,2023-04-29,802,43.76
04572e1a-a337-473c-8df3-b56e5b22dc1e,girl,page,792.61,2021-09-05,24,14.03
df473c96-c3e7-48c0-ba11-2e461fab1d34,not,loss,530.3,2021-12-31,180,6.63
dd309106-cf5c-421e-8261-aa0f4b06c78f,road,story,149.2,2021-08-18,653,34.17
814ec606-fbc6-44e9-b691-149b5fe1c23f,ball,head,133.67,2023-11-17,67,19.44
fee82ebb-9065-4553-9e07-a03c5d2f6333,similar,school,478.63,2021-07-11,811,97.59
5ec1e0c4-6f1a-426f-bff9-95d4eca3f048,work,go,189.18,2022-05-12,230,94.79
4ea4d8c9-b0f5-4a17-88d6-8b42edb9eb8e,great,never,580.22,2021-12-28,941,94.4
db953b0f-ed29-43b0-a603-34ab11180c76,partner,result,410.1,2023-02-03,311,19.77
f8830408-92f6-498a-ae9d-77ed5e18a68e,speak,without,15.55,2022-01-19,417,53.38
2382d77b-8cde-4215-be04-9974ca1fd60a,where,western,352.94,2024-02-03,211,69.96
27ed8325-ffae-4616-a0a4-0f7d829d657c,answer,enjoy,206.67,2021-03-10,146,83.92
441e4295-4575-4a75-b45b-88d1b47130ff,billion,measure,881.72,2021-09-12,940,11.49
4f948480-f160-4405-a8e7-2c9a46529771,natural,accept,523.46,2022-06-08,28,56.39
83f8ea40-f82d-4f7f-a34e-39eb6fc44657,explain,budget,761.27,2022-10-22,359,42.57
6dacd816-f046-4b93-b7e6-ad40f27c4de6,authority,firm,227.25,2020-01-22,87,57.68
5aa314b2-2dae-452d-befe-fd61f8e4d320,policy,speak,343.77,2022-09-08,305,97.67
754bfb8c-0f7b-463c-8872-514322e25650,season,record,386.96,2021-12-16,574,37.17
0c85c385-6a03-43cc-84f3-b157bd742771,air,song,440.86,2020-06-13,838,74.43
6c28fb98-41c7-4e41-b332-922d101c4f71,interest,land,472.61,2022-08-21,753,76.55
265ac921-914b-4dbc-bf7c-f4de5afcac66,investment,quickly,324.17,2023-08-09,86,47.68
d4556f7e-220f-478a-a6e2-a0912268a309,film,thing,436.92,2020-01-03,98,61.48
1ee87875-d8ac-44de-ba4d-386cc7d2f342,expect,win,650.57,2021-04-26,360,98.32
89685f2a-abec-4bac-98b2-fd471fc39e09,often,capital,202.48,2023-05-07,139,29.01
ee8e1684-afc6-47a5-86a3-2bf715ead012,state,letter,609.07,2023-11-13,156,10.98
ac5dc8f1-a5e0-4581-9ec0-802256470938,candidate,get,145.48,2022-06-18,611,82.46
7ba3a98a-7cf8-4c38-b372-51647c1a771f,main,major,961.69,2020-02-28,491,94.46
6429863c-5515-4492-b061-03651fe8c014,commercial,check,756.05,2021-10-23,308,54.71
499d7c8f-e82a-49eb-bc2f-eb637fafea0e,rise,more,12.68,2022-05-20,393,63.61
1738078e-a032-4b6b-b153-c7b6135c8b9b,interest,girl,443.83,2021-03-30,995,59.88
09b18687-17cd-466e-a2e1-8a5921ad527e,show,sign,309.63,2020-11-03,821,77.07
e1c5a803-e124-4800-8c21-4c8d5d575187,order,after,945.32,2021-08-31,869,79.76
6d52e5ae-25c7-4c78-a21d-17a3180669ca,understand,difference,332.72,2020-02-06,659,14.62
e7e38e40-6f8a-4a5a-b345-79e198b4e7eb,give,bank,178.13,2021-03-07,682,52.71
fe3fb927-81d2-4811-954f-a42942f24dd0,those,goal,236.17,2020-10-09,711,28.61
a8048900-838d-40fc-be60-21f3f7e98257,page,now,289.08,2020-10-05,775,31.7
51845bc7-4502-4884-a24d-b1664f51c5e6,development,partner,43.75,2023-04-06,370,92.53
35a2b15a-a141-49fa-814e-1338d266069a,always,notice,727.09,2022-04-14,32,16.05
7f45123e-04f4-46a0-8e36-715612ed18c0,on,lay,550.41,2023-04-29,340,98.08
36e81f42-c77b-4f6a-9914-fafb345e1de3,television,might,226.09,2024-03-07,277,99.5
695f5a5d-518d-43d1-91d7-11d1e48f4f26,Republican,answer,750.74,2021-03-01,744,40.62
a34b7cff-1aa1-44cf-aca9-7fc09595f4a0,other,important,280.02,2020-09-03,272,30.78
f0c5613b-804f-477d-9ae1-3eb764248d0c,thank,others,205.32,2024-01-17,420,35.95
c1947006-bd9e-4519-ad64-6dd7387c1a5e,ask,million,231.65,2023-06-22,52,24.35
cbd932e1-17b9-49eb-a3cd-c45ee61b0da4,size,draw,311.3,2023-04-13,315,26.79
8bb7275e-6918-4224-be43-c421f63c664c,hold,writer,677.89,2020-09-04,46,64.9
52657934-cfad-45fb-9dda-dcae9798d625,poor,drug,803.86,2020-03-03,173,87.62
9e5ca303-200e-41e5-879c-b60ac8cff1d0,remain,young,107.82,2022-02-02,252,98.2
70db77c4-6df8-4a12-8e46-e5f443abb914,news,maybe,230.56,2023-03-20,597,29.34
b966cba1-3335-4ff8-9ea8-a72dd13aca8b,coach,ago,401.22,2021-04-29,74,20.97
6b4aa084-d3eb-406f-9b68-a235ae292a23,if,care,703.49,2024-02-26,211,55.06
20076516-e9f7-4a35-a537-97ca31543b8e,try,east,796.95,2020-08-05,537,82.5
7d515ec0-700b-4dd5-ac69-5e575d891ac7,interest,respond,706.0,2023-04-13,588,97.91
0aefeeaa-dd10-47f8-ab77-f46d84d38be9,add,once,988.64,2020-12-18,457,28.87
590952a4-3dcd-4b02-9d6d-66285de47ded,blue,professor,866.7,2020-02-23,643,83.82
ce098c99-445c-46a8-a47e-a47d78d091d2,surface,news,865.19,2021-07-11,79,6.12
6b2d6d26-1693-4725-a3f8-1180e31b5a52,grow,man,67.43,2024-03-27,630,89.97
2b46e2ae-3bd5-4c3c-be46-72dff99f63ec,take,face,706.85,2021-06-24,572,37.71
c5358f80-678a-4b3a-82bd-fafadf6890a6,analysis,probably,169.36,2020-03-22,873,54.43
aaaf5382-e9d5-4c21-be25-9738fd012676,near,analysis,910.67,2023-01-07,407,98.51
52287ec8-03e6-41b5-8663-bf1fde5159bb,reach,society,407.37,2020-08-12,615,12.66
a5fe382a-a7bc-465b-9940-7fcc6ca25743,fund,year,414.74,2020-12-20,7,33.79
429fbb95-bd2e-425b-b728-eb9f937fa8a6,board,ten,675.63,2020-03-26,71,6.51
e6226e36-250e-4b52-a0f3-57c9beda3266,type,design,264.86,2022-03-27,836,57.72
5b052490-cdd9-4852-a57c-6e63bf1a85a7,message,daughter,631.97,2023-02-02,631,63.16
af1cb387-a873-485b-86ef-a7ba97a71205,surface,game,296.62,2022-05-16,634,84.73
bca501a4-e1dd-4da6-8fc0-86109fd9bb5f,after,ago,156.06,2022-10-10,354,57.67
2935df4f-fc2a-4a8f-9a80-af8e209144f8,others,order,856.42,2020-05-23,460,23.08
0ad1e80e-2fb2-4ddb-8f8a-be8effc6c582,assume,see,338.09,2020-09-09,295,61.53
3ab61092-5cef-42dc-913f-1f668f1f04aa,impact,life,105.47,2021-12-30,322,46.22
b36bd768-8318-43c6-b88a-b2a28f7d48af,increase,program,572.11,2020-05-14,911,76.15
962ff641-cf91-433d-8b08-e51fd77059bf,only,activity,871.94,2022-07-15,683,69.24
9cee9f4c-e6a2-40b9-9f0b-ab4347351280,whole,kid,112.55,2023-11-08,966,44.92
36a382d9-fa20-421c-b596-adab7c00aa97,air,everything,536.62,2022-03-20,626,59.92
f4227710-c663-45b2-8ffc-46bb332adefd,quickly,pretty,998.72,2021-04-23,532,88.2
8cd37205-1436-4bd1-956d-093e390d052d,these,his,942.22,2022-07-15,223,9.77
a4489c2b-459b-4084-9094-0e05765807e2,scene,your,383.31,2023-10-21,269,2.28
3deb9a49-2b58-4484-b134-9d0421bf1281,card,number,502.12,2022-09-04,825,92.65
4300ffcd-8e6c-47d1-a83e-893ccb927778,vote,fund,324.48,2021-07-13,882,4.16
78acf3e6-9151-4dc8-8cc0-9c68f19a3f67,grow,Mr,910.15,2023-08-12,509,82.66
74061dee-ec2f-409f-a9b5-27e52f75ec24,allow,authority,355.0,2021-08-23,764,25.49
4e798b3f-978c-4eda-84de-bf0791904096,agent,any,871.44,2020-11-04,523,1.98
24f04beb-f094-42a4-b79a-0bdbba19082b,pretty,room,389.55,2023-04-20,172,25.39
5c3c98f8-d9c8-4a69-bc07-ccbb7e89352f,book,happen,59.0,2022-07-13,420,51.26
ed8d9eec-a7d6-4758-9d45-0ef56046d661,experience,be,972.42,2020-10-29,732,6.5
b5c9a1cb-c492-4261-9e9c-a21b63cdad60,impact,source,698.72,2020-01-21,568,12.35
735b7a2b-3daf-450d-8c2f-0c12d92dc9ef,step,place,831.82,2024-03-24,6,32.37
5eab803f-ee1a-45aa-9e19-2ba16eb23473,the,add,500.41,2022-07-29,819,12.59
94fc2bd2-3cd4-4ca9-b881-25e4e2056f83,against,good,732.83,2020-01-26,982,45.88
74c08d84-6201-4e29-9a8a-8d346144859e,go,east,373.04,2022-04-21,545,76.43
c0ae56ed-20a1-4afb-8b7d-470acd63ee4e,bit,worry,453.84,2022-07-11,966,2.6
3b0abc2f-3c3b-4864-8cba-f67e59fdccce,early,make,273.14,2023-10-14,297,16.87
77ee8c61-5979-4137-b488-e2bc369de51b,thank,present,177.77,2022-08-28,262,87.87
30850772-4e86-461d-856a-3ac78355fba4,analysis,certain,97.0,2022-01-11,795,3.11
dd6889d3-467d-459f-a4e4-8636bdb9cec0,way,we,279.75,2020-07-21,821,44.86
6e46464f-4aa1-4a34-8121-fdebfb4c6dc7,hold,behavior,964.84,2023-05-30,97,54.65
64b21e82-7ab5-4901-8c89-6f211a339aa4,husband,large,525.72,2024-03-12,392,1.77
ff7e9ca8-be65-42e2-bfa0-99fb9ca90c37,nice,use,365.4,2021-12-18,662,12.55
d5ef0e8e-91de-4143-8cb7-061ba9178146,real,Mr,734.4,2020-08-27,211,97.66
1fc9ba36-0f73-43f9-8cfc-56da6cb0b09c,half,wrong,862.85,2023-11-26,395,99.04
57877316-00aa-4f50-89a8-76669d5be6cf,over,race,767.89,2021-05-16,508,29.72
c00625f6-1109-4df1-b677-ee4a63bbaae8,pull,become,105.32,2022-05-17,154,54.53
c9107021-55a5-42b6-86d8-72f097893e3c,eat,eye,799.0,2020-08-27,218,25.39
26f89308-2683-4b98-a34c-594f84cfb508,southern,better,533.61,2023-07-14,609,55.17
8d14c56c-3d06-497b-b889-d7c324a9a08f,keep,born,579.54,2023-03-19,553,43.09
cb6ed7e7-f6c2-4fc6-bacb-4b543f43f2a2,do,west,98.47,2020-12-22,778,23.88
175dbfbd-e700-4341-aa36-a2156d05a271,off,southern,731.06,2024-05-26,167,37.7
fc437000-adc1-4754-948d-9e5e79d5e3a7,president,address,17.73,2020-04-05,228,21.76
4601b63f-446c-4b46-b7a3-be67df4c9844,new,along,253.46,2022-08-30,475,85.21
edc7921f-dfcd-4397-ad1b-8cda7de49368,every,statement,675.3,2020-01-11,589,5.92
8bfa9ae1-0ffa-4996-ae9c-4260dd4cd315,nearly,ok,693.79,2022-02-02,493,7.35
55126aca-31cf-4e17-8f65-37bb2093e396,read,push,775.6,2022-03-02,947,67.26
c3902dc5-e6aa-405b-814d-485e5625fcd0,computer,despite,232.05,2023-01-31,615,29.15
04b0ea10-c221-4495-8e49-6b80ff6e6b48,far,computer,313.7,2020-04-09,821,87.17
e90b2637-c758-4340-940b-e920ae620693,expert,before,638.27,2023-02-16,446,59.04
2776b676-0c7f-45e7-a993-067045a9847e,usually,religious,450.3,2022-10-23,10,80.59
fc05bb3b-2715-45d7-ab74-a0e6a32f1d60,whole,find,228.55,2020-08-25,455,57.16
8b6d3309-34a8-4da1-9a95-017257747cb3,describe,send,686.47,2021-12-29,122,74.08
d85cc780-557c-4bbf-b270-0e6d8422cf3c,less,another,548.01,2022-06-18,16,88.89
90084225-58fa-4abe-9c12-5972e03b0c33,increase,beautiful,554.83,2020-02-29,263,52.68
db2b1a95-249e-4385-8d19-fb746347d166,him,door,71.47,2022-02-22,363,41.47
e1ce8712-61e4-4682-9600-ee2efcc5c866,without,cost,245.34,2021-04-04,418,55.62
f70c6538-1ddb-4367-b5ff-4eece183bc6f,billion,money,650.11,2021-02-21,410,7.63
6c399744-d638-4da0-ab00-9fc8666468a6,because,force,468.16,2020-04-04,467,54.62
996296f1-ae6e-4546-80f4-a0cd25954c84,front,back,795.72,2021-06-03,594,88.1
d5a8af09-4f03-4332-9760-4ef83ef47db4,cold,heavy,550.09,2024-04-25,282,39.23
a78b168f-d84c-41fb-bf33-4d5f8017a5e8,born,officer,507.36,2022-04-15,179,2.52
f82f9f39-74a6-4d67-bb20-2d5c0c8c4288,wonder,should,975.28,2023-12-30,669,31.12
ec9d0bb8-fdec-47c8-80ea-06c2be1e6712,stand,must,574.28,2020-01-13,107,5.8
89ebed64-7d3c-466a-a44e-86b60f812415,because,they,673.97,2023-09-13,998,77.04
edc58b55-58c2-46a0-8e7b-075deddb821c,far,history,438.85,2021-11-19,31,92.22
b519682a-fbba-461b-8c09-b3ed69c874bb,billion,civil,361.47,2024-02-04,314,81.38
9e407035-5da3-4845-b5d3-04615463d30e,beautiful,they,803.47,2021-12-17,182,97.99
5c136000-15fd-4339-9e60-2bcdbe34b2d2,finally,western,102.91,2022-09-03,969,81.96
90680281-3c0d-4a25-99a7-cb193b2d72d7,station,toward,754.07,2021-01-08,427,24.28
f8a9c9ed-0a6d-4c7b-9e15-1c7f509c81f6,wide,draw,103.3,2022-12-27,392,11.13
b257a2eb-5857-4f1d-b157-c44c3df41ab7,evening,blue,421.2,2021-05-26,19,19.53
98328c71-d433-4e52-b524-6f76e430e110,financial,can,300.56,2023-10-12,574,51.01
7e69340f-5fd9-40ad-9d3b-efb430326b21,price,option,994.09,2023-04-05,328,82.34
87dfe2ca-abfd-4f99-a4bb-dfc63f0b4825,design,reality,69.91,2022-07-30,448,64.31
52ba6a56-ad84-487b-bbfa-2cc2187748a1,I,officer,918.34,2021-03-20,482,46.05
78b2c093-005e-46b9-a467-e0a2f381a111,turn,subject,56.55,2021-09-10,933,93.11
beccb31c-ae69-44fa-8fdb-ce416eb94c5c,among,hour,575.85,2023-03-30,598,50.72
26f3e3a2-2cf8-4c63-95cf-f39ea7979f3d,baby,treat,533.81,2020-12-18,854,17.95
6d755f8d-849c-4391-b258-4a498c53ba8c,show,ball,472.74,2022-04-12,395,80.46
0ab73592-66a8-4250-a43c-bd372098e2f9,throw,beautiful,288.46,2020-03-12,697,32.76
e9a41a52-8ba2-43db-bf92-6ea57d51e5e2,religious,between,897.27,2023-09-12,952,17.33
3788e071-3adc-413f-81cd-0be73f43faac,once,although,412.6,2021-12-03,661,88.43
a1e1219e-1d60-45ac-808d-f6172ffddb08,medical,probably,590.07,2023-12-26,769,12.3
fec6833c-e094-47fe-af36-0943b73c398b,dinner,event,545.5,2021-07-13,633,84.99
2fd3eb5d-2464-4594-b73e-c7e4d9c29b07,subject,should,850.77,2022-07-05,791,56.38
de80243f-912b-402b-b2ae-8b930f7f72e7,trade,somebody,886.69,2020-11-22,680,24.84
6d071909-2030-403e-90f6-2bdea0f1e295,choice,current,435.07,2022-03-02,705,16.09
2677a5bd-bd82-479d-952d-c83b9b78faf7,peace,bit,691.7,2021-02-13,736,98.89
81eab9bd-5415-4397-8ba8-2924578c2d46,mention,summer,179.25,2020-03-14,462,26.41
64f31f48-3e7c-4311-bf76-888fabb24e7d,place,still,732.54,2022-02-26,781,43.61
3b0d9fb1-5aaa-44ae-ab5f-44a52e5100c9,civil,key,473.01,2022-11-03,734,45.92
b291264d-16e8-4043-8110-e9cfa52a4786,themselves,attorney,474.0,2022-07-18,448,37.95
8cf303c5-e9e1-4ea5-83c3-2456c990941b,turn,throughout,97.83,2024-04-29,384,44.11
eff9c1af-62e8-497a-ae94-099780a7b3e4,president,newspaper,807.8,2021-06-09,652,24.01
1ea20831-a3fa-4422-90fe-a70b1a5bb655,consider,perform,16.69,2022-04-01,364,67.63
4c3f8684-0678-4f77-a1d3-f3220f0f44bc,my,training,588.98,2021-12-01,752,88.04
ab4e96da-f8ac-48e4-8b5a-197d995dae24,lawyer,different,644.13,2022-02-17,265,3.34
c8c812b1-30aa-4eb9-998d-da3eca356e27,move,practice,216.8,2023-04-12,189,39.34
1d60b04b-eefb-4adb-830b-ac1bef5e46ff,interesting,organization,275.59,2020-01-19,8,11.8
12727b8b-0c55-44f7-9547-091e2928ea29,chance,also,192.17,2022-09-14,755,91.38
f07e2e74-a64f-4eb9-84cd-c00fc31ce961,year,guy,815.13,2022-12-04,495,46.95
d7c90871-2fcc-464a-a905-5cdef7cb1a9f,almost,instead,126.02,2021-04-26,124,98.46
81124666-6e66-4c17-a05f-17e76b1660cd,day,speech,237.67,2023-06-17,777,83.38
c670f715-f7fc-4765-b69a-a0704a412c45,newspaper,purpose,837.92,2020-05-26,224,24.55
37586421-a994-4ccf-9d32-4eeb7ff5de3a,book,head,389.92,2020-03-03,202,75.22
6c624989-df6f-4219-8c9b-3af197eb588d,color,president,948.15,2022-04-24,125,10.1
9463d28e-4deb-495c-b4e4-402bca216a73,ask,walk,494.23,2021-11-18,339,85.16
9ecd43cb-576d-470e-9e68-19f94280f6f4,wall,upon,51.3,2021-03-09,895,34.33
ccec707d-f0b1-41e5-9195-bc012b1cc5e5,line,glass,876.93,2022-03-15,205,66.9
4a436f81-1893-4633-a339-753600f480b5,nice,fire,496.32,2022-01-22,183,42.51
df35ef73-af6f-452e-8e3b-c730b3199239,one,level,441.7,2022-07-01,340,12.13
0be9b976-02d4-4c56-8e13-fee21e45363e,run,thousand,622.03,2022-08-02,863,62.22
84ec3588-1ac9-47f4-90b7-9eec13dca4af,soldier,nothing,131.3,2024-04-25,923,38.02
bdb6b9af-12ae-4ee8-a940-3b2ac54467b7,develop,city,313.68,2020-12-31,19,44.95
8f1ce032-73ad-4ff2-896c-a15faa8e0f44,reflect,walk,525.39,2023-05-11,682,7.92
9c7f455a-7a05-465b-aa80-7641a5c89ecb,really,idea,873.72,2023-12-06,796,48.01
36aa9230-0c91-4a76-afb9-a65602e0dc0d,trial,eat,417.94,2020-10-06,241,10.3
10cae62b-4e6f-4ba4-8d8b-61a18b8347c4,road,speech,469.17,2024-04-22,795,95.24
4c934d17-59cb-4834-b43b-c4f0fd8fc6c3,staff,deep,640.84,2023-02-06,50,79.64
cd509ceb-6d01-4aff-a3a3-6561b31e4a07,alone,fund,347.43,2021-02-09,25,86.26
989408a6-5273-4137-ae60-8b7a2ba99136,trouble,suddenly,568.59,2022-10-22,854,10.51
feaee30e-78dc-4fe3-86cf-640e5fc700f9,thousand,court,611.41,2021-09-28,425,98.3
4be710c5-2be9-4922-83f1-f2cd639ba3d2,head,body,857.45,2022-10-23,841,46.7
f7d6d71c-4625-41f0-a96d-84e3dffa053a,although,practice,184.78,2022-12-18,653,9.58
eadad03c-490b-4b5b-b430-737136b4608c,provide,fill,855.55,2020-10-07,380,24.19
cbdf95f6-53c5-46e3-8309-3562c05a0fda,yet,cup,157.72,2022-05-16,865,9.35
4f1f3fcc-b608-4416-9d7f-bc5d6f34918d,shake,how,311.92,2020-03-29,915,46.26
4a8fad0b-1df7-4ed3-af87-aabcad208a24,major,should,615.57,2021-07-03,390,51.0
63a04abf-4cfb-4674-80d3-80ad36cb5220,glass,strategy,937.44,2020-11-21,445,27.89
6a521278-ec21-45e1-9774-65957cfebc1a,plan,evening,457.52,2020-11-22,453,39.92
bda4d877-cf37-453c-9ae8-29cce3e905c0,parent,mention,308.59,2022-04-06,633,36.49
7c353cf7-449e-4c89-8e02-f520fe596216,rate,affect,231.66,2021-04-28,416,67.92
eb975777-e78a-4958-9e1f-5e572bd3b3c1,authority,marriage,669.68,2021-07-22,271,21.24
5e5a33df-3bd9-4fe1-93e6-fe6f2708deb2,red,pressure,974.68,2022-02-12,88,85.46
e1a8099a-1742-4a05-be0f-779c913a3db5,in,go,866.33,2020-12-20,688,69.57
8f04e03f-d942-4c99-8de5-4037d0e7eb7e,worker,dream,274.85,2024-05-27,653,52.94
5a718052-dcbe-4f86-906a-a8e8a2c0602d,sound,much,122.95,2024-03-16,704,9.92
e8496611-679f-4e96-a956-de15ce5d4060,special,industry,341.33,2020-04-24,989,31.68
386c6587-0294-4106-879e-5290eb4f5335,head,new,141.07,2020-11-10,331,27.91
1100d890-8dd6-446f-9358-6fb1f790b253,price,appear,928.12,2022-02-03,185,4.63
9f9310f7-1c84-4307-bb53-134c595c8a27,white,successful,991.0,2023-07-12,80,48.16
ea0f5160-c117-43a7-a698-b04623f9c11f,common,work,508.83,2021-04-13,267,42.68
a0172282-520d-42d6-99e3-f73205934dba,even,ready,230.58,2022-02-26,54,33.32
d53a2c64-1a41-43d9-b122-bc6da15c31a5,such,work,31.32,2021-07-30,82,45.19
fe28ec15-bc0d-4d99-a668-271fdadf0fbe,education,method,600.49,2020-11-23,264,53.45
e80d1f91-c898-40ac-b4d1-38f065753ca2,body,nice,884.49,2021-02-06,855,74.04
8dfb136f-f354-4817-a9b5-37e3b0cdd25e,short,use,115.23,2022-09-09,559,2.95
872c94f0-15d6-48b1-afc7-9598f5a7243c,body,main,309.04,2023-07-28,967,25.38
aac8989f-7d97-4ee3-8a26-d7551669347b,certain,scientist,923.03,2020-03-17,209,37.42
db5bee85-a62e-4da6-a489-5e9c9e482e65,political,instead,726.77,2023-05-28,320,45.12
72c8b284-eb20-4071-a90d-9f6c446ec5aa,from,Republican,517.59,2021-12-21,415,39.03
279161ae-37c8-4f81-9423-db0e3cee2888,majority,candidate,937.77,2022-01-08,281,82.02
97190214-bd09-4699-86de-789ff2f57cc8,act,lead,414.89,2020-03-03,989,11.59
d00205da-0525-4e56-9d20-4186ca94c3b4,compare,almost,973.2,2020-02-13,757,76.74
2aab403d-9ac1-4e12-bd55-995413b15366,lose,high,307.84,2022-01-09,26,84.37
64ce3f44-3853-406e-b82b-478c1fcc686a,quickly,site,73.31,2022-06-05,993,6.78
99736c94-ef94-47bd-bd10-c34792b73a12,Congress,party,944.3,2020-09-21,677,76.44
3051bfc9-539c-4c8d-acd3-579c11792d3c,term,loss,146.1,2022-07-13,36,23.47
f6977812-f078-4d09-867f-07b4b2f4b8dd,challenge,fast,361.94,2022-12-28,641,82.32
efe9ec97-db9e-421a-9d67-e6ad8f52c9f0,rather,result,211.03,2022-03-08,300,73.73
e9982019-1c9c-45be-8440-da0a954ddec5,along,would,222.84,2020-10-10,468,85.69
22f75065-ee10-4e5f-8140-92d6b1a35361,girl,career,888.9,2023-02-09,878,22.39
8c6c64eb-8c75-453e-99b0-bb66a20b321c,picture,when,645.93,2020-12-03,999,68.12
756f6a9d-668c-45cd-b1dc-0d1bcc61caa4,concern,commercial,859.87,2021-06-28,89,57.99
6046de4d-88dd-420a-8d3b-7e47c010b88c,entire,government,747.34,2020-07-28,194,86.55
62d78807-6c01-4c9e-ad1d-34e093afeeb4,health,treatment,813.41,2023-06-22,17,8.08
bc352505-a55b-429b-b639-48a1dbee835a,strong,carry,515.07,2020-11-16,334,28.26
a2b68b85-b13c-42a8-a58d-fc3f60060912,week,wife,208.36,2022-11-02,501,34.39
331e1816-d242-49da-af15-c8cac36f15ad,drop,stop,422.85,2021-06-20,748,65.24
18752a0e-613e-4e13-88c9-fff308f9ab53,among,Republican,804.95,2021-03-21,331,77.88
d8bdc878-dd5c-4822-962e-9702cca8f494,nearly,goal,163.68,2022-02-18,773,98.84
21e525d6-2f22-4c2d-9f7d-bd1adbade6f7,song,floor,879.83,2023-08-09,592,49.56
9d10babe-eae5-491e-b6e2-df2bea4fb565,debate,individual,697.84,2023-08-21,236,83.67
b71633d9-d864-46f1-9ea4-d97f67e9fc56,well,instead,168.42,2022-02-02,643,98.15
59b2a48c-184d-470d-900f-3a2a1f855db9,source,receive,405.51,2023-03-14,316,57.69
b183dc72-9479-4131-a1a4-e384ddf73c14,policy,kitchen,124.24,2020-01-13,821,61.47
90882898-1dd7-43bd-93b2-24a944228f4d,often,little,784.06,2022-06-22,130,67.01
199dfa6e-c544-4158-8772-df280a3f15be,wall,claim,921.76,2024-05-09,393,78.74
3c72ab0f-fdfb-4ded-8683-ecba05b4b832,agent,soldier,146.73,2020-08-21,310,31.89
58bc8fe0-f39a-4b80-8fe9-0336556bef20,hard,woman,269.43,2021-05-29,119,41.21
4a549eac-aaff-47fc-9c01-52d0c571a507,international,heart,526.72,2024-02-05,280,14.63
941bc394-24de-438b-b2fe-de9380d140e1,public,raise,253.99,2023-08-18,623,5.44
7e2fd17a-96f4-4ef1-9059-65f0bd0238af,way,star,889.73,2022-08-17,380,93.91
a022c57a-3d0b-4220-9d41-4c531b65fd55,second,whose,307.2,2021-09-14,148,76.18
92e7c2e8-ac31-4ba0-8d6e-05bc90116e57,become,forward,322.6,2020-06-23,334,80.9
4bd2a28c-93f3-488d-a384-ece5138ee722,report,official,839.8,2022-11-05,251,71.9
41aadd9e-516d-43a9-97dd-0c812072d695,study,article,778.44,2021-03-31,875,75.65
4228f84b-31ee-471e-8dd4-a2b037dbb800,way,be,286.57,2022-12-11,116,63.66
249d89ca-326d-4fdb-937b-5ba38f9c125c,last,campaign,537.99,2022-03-14,667,69.02
62aebe1e-fff7-48c4-a0ba-a9c699c7d95a,team,father,152.86,2020-08-24,343,80.66
280ecb7b-346c-47e9-b9ed-89180e2bc21a,build,show,842.73,2020-05-02,580,47.08
e1541f7d-7a46-485a-923f-660ae0760160,serious,concern,745.07,2020-05-11,765,75.73
f05b9256-cb1a-4c03-9fcd-0315d84fc837,fine,discussion,421.01,2021-07-06,989,10.84
df950cc9-f6c5-4eed-8c53-2ea177e1fcc4,wish,order,481.97,2021-07-09,10,67.99
5310df1b-ce7c-4181-b7f0-1d10609f9d9e,soon,form,752.05,2023-05-19,872,30.79
51abde0c-cdf1-4237-8f9f-5bb6441a8102,lead,true,588.72,2021-05-06,447,46.47
2f67c889-8dc4-4a14-89db-8525fbd51dde,give,in,285.85,2024-03-16,649,95.23
a410f2ee-c224-4412-8177-4b69ba2a9bec,site,purpose,377.7,2024-04-24,745,88.4
17c0fe2f-304a-49ee-8c89-a5e7ce880245,thing,available,612.35,2024-02-20,996,67.43
3214a39d-e517-4ef5-9a75-9eb3e26c9256,adult,high,339.46,2023-09-28,213,32.8
2350a884-f0a7-4985-9f0e-67bedc882f6d,conference,forget,598.13,2020-02-21,207,21.57
b9418b43-3a42-4348-83d4-ef14ac0d4a7e,job,know,476.64,2024-01-04,480,55.54
e6113c29-ecd7-4877-a0e4-9f42c5e364b3,support,who,44.05,2021-03-11,976,24.2
a4db936f-8903-4f86-abee-ec3eebcfb7f4,discuss,home,980.65,2020-04-03,958,19.12
1698bbcd-7a36-48cc-a41f-0808c6af941a,opportunity,interview,70.59,2023-08-18,554,89.0
353fd6ad-54b9-4016-b93c-f0b5e7f79a62,listen,stuff,976.8,2024-02-16,866,20.98
488faba5-213d-4e81-815d-f3ba30daef1c,mind,simply,231.84,2022-09-04,114,16.12
19df8e97-9802-445f-b82c-4c37d72a66ce,cause,step,288.28,2020-12-01,325,60.2
f1e21e1a-4e75-4395-a1f3-c83659a0081f,state,education,615.11,2023-11-19,697,26.57
4be84af0-3dc3-4738-b869-54c8e19f96bd,center,audience,354.71,2020-06-07,628,42.1
08b6dbcc-b940-4c65-8790-332a74455e0f,although,radio,252.82,2024-02-23,289,32.84
14635c0f-d261-4cb6-bf6d-3cc4fa1e8cd1,must,region,341.65,2020-03-10,894,69.42
8bc06910-68a1-49ab-aa2a-92b8a9bf63a9,attention,author,428.68,2020-05-19,803,9.49
a88bf9f0-9f92-4ec0-a26c-8c1d69b0d4eb,week,a,573.22,2023-04-04,821,81.83
678694c5-4bf7-447d-8b04-a08525b529bd,natural,Republican,794.68,2020-01-29,217,36.03
35d07ce6-9331-448a-b392-4c436ed5500e,growth,agree,159.86,2023-11-20,915,3.29
b77bbe5d-9ab7-4736-81b0-5765220a54ff,way,result,890.03,2022-12-21,826,94.93
908caf69-3e6b-49fc-b636-eeb3d5725fc5,dark,parent,246.31,2022-12-07,664,66.87
15eed15f-cadc-47e0-8ab0-7fee2489acd8,chair,several,562.59,2020-06-04,474,81.4
0c667e90-686e-4fe4-98d8-c5c72b1c995f,nice,our,267.08,2022-04-21,42,35.29
66ceb61f-243b-4a93-8a79-02b8ec9655a1,real,laugh,969.97,2020-06-24,491,31.31
85fcd8e2-07db-4c1c-8620-45c6fe768b23,seem,involve,550.23,2023-06-28,344,92.81
298b84ac-6751-4ebd-b05b-655ed8f42519,thousand,field,532.03,2020-10-01,743,33.37
5c106850-68a5-4aa3-9643-69b75089a72e,opportunity,lead,688.68,2024-04-07,555,17.36
50252fd7-dd79-46b2-966b-a06e097fa0f2,customer,young,764.81,2023-08-14,44,9.09
b87bfd16-6f13-4536-a7f1-968f3d690528,area,information,546.78,2020-08-21,551,34.96
d4184eff-58b1-4080-aa8f-307b0f53f310,news,carry,624.83,2021-11-03,449,37.69
86a27e2b-9413-432d-b305-a6d2486e4104,compare,large,793.18,2022-03-04,16,70.53
d93b438b-37fe-40da-a98a-daea352e5773,you,believe,426.87,2020-02-25,816,89.7
40e2aa83-785a-4f32-a8d5-87e8f7a8e144,place,growth,101.01,2021-01-17,753,98.7
a3dc355e-5eed-4adb-a4ca-6cd70c431c91,show,table,949.99,2021-09-06,570,71.74
3c50064d-5dab-425c-949b-7eef95eabb4e,unit,several,977.47,2022-02-03,98,89.86
7deabb1a-6dae-4cee-b847-7d8e919e5491,character,event,11.44,2020-06-26,849,23.42
161f6f33-490e-4e76-b696-ff83f15b0b6c,she,knowledge,904.75,2021-08-23,989,9.37
6b301675-b00b-4663-bed8-062db1b4217f,class,main,672.74,2022-02-04,285,35.28
4a1bed6e-ed6b-4c5f-b0d9-b7d854b18e2a,expect,food,612.39,2023-03-17,185,23.61
43faf652-daad-46f0-a820-947ebc3fa26a,and,who,460.95,2023-02-23,111,83.27
74ed5d1c-c659-4aef-a814-cdcb2c477342,stand,color,381.86,2024-02-13,894,71.83
2b950628-d107-4ae9-a85b-a4d063853cd7,especially,read,611.34,2020-04-05,520,59.04
38e40b87-4ecf-4244-b35f-11ffedac9f03,himself,avoid,451.17,2022-07-03,651,15.41
45a57aef-56c4-459e-bc2a-ad6e1734031b,perhaps,many,803.98,2021-09-18,393,58.79
15e40bac-88ca-486c-84b3-a6b9769534de,keep,student,907.33,2023-02-22,799,70.39
d57b78ca-b5d1-4c28-b63a-142f671daaf2,now,view,250.64,2023-05-08,961,33.06
fca14a85-8c3b-40ea-a3bc-1b6af3ea727d,front,southern,916.54,2020-12-24,344,99.9
14f1028f-6b1e-4f25-b827-efec1c73cabe,war,result,834.86,2024-02-20,407,26.68
0e67d915-70fe-47a1-8e87-7a6f45b38c71,subject,reflect,71.75,2022-09-15,201,65.05
9a1de171-d644-471d-9a0b-49b9d1cb2623,fast,just,748.25,2023-04-24,742,98.03
7b5c9c1c-15fb-4c7b-bab3-0fab4da84d45,body,probably,978.99,2023-06-21,74,78.53
e29d5e25-d81e-485a-b504-11ed9127dd1f,daughter,key,34.03,2021-09-09,820,22.92
c493cdf0-fa1e-4ce6-9456-7b300dc33a0f,bar,evidence,886.88,2024-03-12,390,46.67
e342b65f-9cf5-4ad4-8720-bcb3411ed421,middle,improve,783.29,2020-05-03,266,25.46
ec5d86a3-41c7-41ab-854a-bc780ae6aa7e,for,court,152.55,2022-04-01,781,63.14
dfa59217-6321-49a3-a9e6-f1956cd00670,whole,half,10.33,2021-12-31,812,21.15
621fdb75-fbf4-4865-9765-3135f4325931,far,though,878.24,2022-07-29,194,20.86
34eba165-12dc-4014-83e0-759140eb546b,ahead,term,222.79,2022-12-09,854,74.79
a5a186f6-cda9-47b7-8520-5fc5cb66ceb2,opportunity,main,682.97,2023-07-12,738,36.02
d6fcc706-90f3-4ad1-aa7f-9b736ab9e257,history,heavy,296.36,2022-08-19,972,10.78
3c8b8612-21de-4626-864f-86a369f9dc8c,ready,simply,379.13,2020-04-12,901,18.64
25e4d698-e318-4644-b5b8-82f1e3daf9a6,personal,deal,749.26,2023-11-13,260,33.62
57fbfc93-6ea6-4849-b2f0-f37a427eb48f,individual,while,63.98,2023-07-03,737,58.53
520aa701-cc00-4062-af36-30977c13719b,PM,middle,664.36,2022-06-12,993,12.33
f206faea-4e8a-4588-ac41-b730e32a35a7,describe,series,613.0,2020-04-04,345,48.32
c7afb4eb-87c3-4459-a98f-3bc8a318bc35,strategy,determine,964.21,2023-10-16,752,23.35
0841ab4c-ff62-4d2b-ad29-5ce7e7a438bc,possible,measure,344.38,2022-12-10,363,16.29
1dc27943-6e67-4613-a2e7-690bce5251d3,property,pretty,339.32,2023-01-04,999,44.21
d6c38c9c-87d2-4c17-a06e-f091544117a6,growth,new,523.09,2021-07-15,121,40.38
e9997d26-2335-4118-b6e3-07caa826624d,role,feel,672.74,2022-05-23,608,14.22
99430563-9bce-469d-ae50-971043fd704b,prevent,set,271.54,2024-01-29,199,19.45
d2746fa8-69ee-40bc-89e3-c63c5f233cbe,avoid,democratic,970.36,2021-06-21,136,69.25
4d1696f1-705c-495f-a524-e72b91593510,these,social,667.7,2024-05-18,59,57.95
60c2fa35-c418-4e6e-a6f7-281c4d645a14,cold,system,800.1,2023-03-12,130,6.86
b8b2068d-6a30-47ca-a383-b68da1e17945,party,fly,984.23,2023-11-16,79,3.76
5d5ab0b9-d85b-4cc9-86a0-3c8e5e58fded,environment,program,619.9,2021-03-20,351,34.41
053fff06-72ba-4a61-88d0-5f39c185d6c9,PM,case,625.78,2022-08-07,813,16.6
043172df-a103-40d3-854d-31964ae478f8,low,word,585.57,2024-04-07,612,67.59
44df3a41-5b01-48fb-8131-0804ab445c5e,specific,choose,226.04,2020-08-31,218,76.68
cf624391-66d1-46f5-9e28-f529cdb8886e,peace,maybe,714.03,2021-08-31,240,83.57
9c83d64d-e19d-4590-bf40-71a7013c1abe,upon,fine,326.5,2024-01-27,504,21.45
37b036aa-ca1d-424d-ad23-9b4e67f4a0eb,skin,budget,36.54,2021-11-19,575,80.06
75d9f0aa-41f2-4386-aaf0-24e0d16c5306,he,factor,48.74,2021-01-29,747,8.19
337615df-cd20-4c90-bca6-0f6f74547b4c,official,rate,476.11,2022-08-03,581,44.84
384e8408-ce72-4b82-8978-73721b40b4bd,pull,without,70.26,2020-06-20,532,19.06
feeac6c8-5026-41c4-8f08-94fa91a4361b,environmental,rather,202.57,2023-11-01,478,49.84
1e7a4a81-0acd-4e9e-8f2e-fd79876e53a4,term,cell,160.9,2024-05-18,427,17.06
76e87f50-55a8-434b-ad21-a20d4a77a9cb,each,degree,407.22,2023-11-19,881,58.96
be1a2135-d83e-4bf5-a753-b68c32bf314a,notice,world,112.34,2020-06-29,221,9.1
bcda2b3e-2245-4c25-884d-e40f78e6e1df,do,once,969.32,2020-12-23,12,73.75
812bdaed-172d-4056-9369-3eedd1d4f789,summer,professor,157.43,2020-10-06,691,8.79
be2e68c5-a77d-42cf-890d-c6e1b132bf6d,soldier,support,261.31,2020-03-16,435,44.62
fbb78ca3-815f-4653-960f-7f4d97ecebe6,can,Mrs,896.67,2021-01-17,999,47.57
89bb6456-ec60-401d-b918-90d9fe5e547e,number,town,196.34,2022-09-02,17,79.91
57e6aff1-be60-4a17-9428-3a4f88e436cc,whose,would,109.52,2023-05-22,225,97.49
54f3a92b-a87a-4f11-bc39-0156c5ad3535,remember,national,947.27,2021-11-08,728,53.92
1794658c-480b-4f26-ac79-51f4e7ac10f4,effect,work,297.3,2022-06-04,801,76.96
139dff83-2f63-4e78-aa4b-41fa0e814d5c,gas,wall,172.93,2021-03-29,662,48.14
1d24f119-ae1b-4d23-9bbf-5a0350231bf4,miss,win,124.9,2024-01-06,424,61.73
bfd29592-6166-47e7-9df4-e51992d73e18,soon,cold,462.28,2022-11-26,793,44.17
bebb953a-aec7-484f-b928-ea5dd87ca08b,seek,worker,921.02,2020-05-22,389,82.0
e15a2e53-eb9b-45f9-8076-81601d25cdb0,today,me,320.86,2022-10-04,607,28.72
19886168-e7b3-4524-81e1-f3c0fa8d8b19,discuss,cell,820.13,2022-04-05,124,97.84
f433ead8-a0e0-419a-a0ee-1b5b1dab3aed,ask,officer,834.91,2020-07-11,460,49.06
e469b738-271c-4d74-aeb5-2ac3487e1818,unit,people,603.85,2020-12-15,896,30.42
8787ca5a-d206-4245-9c14-8e7a072e9f42,sometimes,right,926.25,2020-03-16,611,45.24
5a2b5d5c-0f68-4738-8e83-b38748c57737,few,here,841.92,2023-03-04,345,47.56
f56c9d36-7509-4fdf-a25e-8d9821baf3ce,poor,choose,141.92,2021-02-22,742,68.7
c0ffba11-3e49-44b0-ab37-e28f1aba2114,per,cultural,252.23,2022-10-30,257,17.7
8e126db2-2690-4feb-a53f-577bd8363e36,professor,stock,954.0,2020-07-02,145,83.16
7a912b19-de47-48f2-835d-a8c760558ea4,financial,win,178.09,2022-02-28,329,13.79
0a29d64f-2d32-44d8-8f8a-1f5ca5bfc0d1,necessary,protect,837.97,2022-04-17,126,74.08
64156334-b8cf-42e9-8aec-919f3e800be2,evidence,left,391.68,2020-06-17,900,77.9
76332a51-482a-443a-9d61-6058b4ffea93,special,question,192.19,2024-03-07,57,55.98
2b4da16e-d151-46f0-9c33-7012561ebdad,serious,individual,788.58,2021-03-25,66,33.1
53472019-8b25-4d7a-81f2-bbc44aca2afe,meeting,national,207.66,2020-09-28,984,39.58
d3347546-914e-4f0d-84c8-3e231623e779,husband,social,84.49,2023-06-05,411,18.45
6fc0a6b2-6235-4ea6-a3bf-2bf55da01b8d,tend,produce,389.6,2022-10-13,945,72.55
0c00ea12-f939-4359-8062-91a4688e0046,hair,wish,691.31,2023-09-14,902,73.32
1a40b7cb-ab68-4348-b0ec-fad790a6c2e2,far,ten,174.57,2020-02-28,489,62.46
24d0ac96-a048-46b4-8864-b7564fc76868,somebody,process,19.81,2023-06-04,131,7.5
81b8f00a-0f1c-4a54-83d0-bd0fb8646975,exist,threat,49.0,2024-01-25,479,47.06
97be40fe-4cf1-4c5f-9741-8a8719ffa32b,almost,participant,12.09,2023-09-19,497,38.91
5a6aa432-0c40-492b-af39-3c63933e8da6,suffer,artist,263.54,2024-01-18,236,98.25
2ca1ce47-2f75-4137-91ad-6ae756954f4d,family,guy,174.96,2020-10-21,953,45.96
8766d09d-7344-45b0-afcc-e2b6b4acfbbf,exist,black,469.8,2020-09-01,507,10.87
ab105002-d262-4a4c-8347-5afe7818b3da,surface,conference,294.53,2020-07-27,141,26.59
51f347b5-1b68-4bc1-860d-a7c85d24e6c3,pass,hospital,793.64,2022-03-19,929,94.35
2edfc1e7-fe8f-4316-8dc4-cf989a955441,per,throughout,158.96,2020-03-18,388,45.16
3287a8e2-3327-4396-9e52-2d6f7abbb9c8,nothing,name,641.01,2022-02-10,928,61.0
44862f2e-1b53-4bc6-a920-9f92e542e4d3,free,sign,760.71,2021-11-06,250,72.91
94ad5486-086c-48c7-8694-61b912b92203,drive,future,646.37,2022-01-13,117,75.64
a9c6a0bc-f9c1-46d8-ac41-71bbe7bd5622,three,factor,108.03,2023-04-20,322,49.78
251a4bba-47e1-4b88-ae5e-e51e8f4de98a,improve,inside,987.14,2020-07-13,577,57.57
06ee0956-8004-4f5b-b846-d555e213d9be,federal,around,38.27,2022-02-17,40,60.88
93a4ad78-9aed-4710-8b62-16877ae6e2da,race,wide,944.87,2021-04-16,527,67.59
a2991b38-1a86-48ac-9843-c915b48948b2,majority,environment,277.27,2020-09-20,478,42.22
cdb76bc6-d846-41b5-b123-017f966804a9,area,west,329.67,2023-10-13,626,38.63
6aa08318-1c3a-4426-8709-eb3b87ee389b,friend,direction,90.07,2022-10-05,835,80.9
5c9e011d-ff5a-4d1f-9ac0-de623243396d,growth,for,810.14,2024-05-26,196,15.52
bc28cf50-cb28-4948-ae47-495effffb2e6,only,project,995.59,2023-02-16,934,21.41
5d824c9d-7758-49bc-bc2b-b3b21f358792,reality,watch,541.21,2023-02-07,402,37.02
d028d79c-619a-4e64-8fc6-2544da75a1ad,under,approach,879.85,2021-06-16,32,30.87
642083fe-90ad-4e5c-ad4b-db60f2e72df1,by,itself,271.63,2021-02-03,837,41.56
30145ee4-ba3a-4d11-ad60-8a48e1d2e233,air,by,994.26,2023-06-22,232,77.11
43de486a-7148-491b-91dc-3ef478f2605f,shake,it,440.48,2021-10-27,791,39.3
6a768d7c-e043-4d71-aa86-7fae913926b9,day,focus,216.97,2021-09-20,722,90.9
2aa4db94-4f64-4048-97bc-449b6ecc1e33,here,popular,611.46,2022-12-27,855,74.22
4ae28d24-d0f4-4d69-ae12-3748b05f3d08,sense,short,472.24,2021-04-22,893,8.44
476dce85-1104-4ab3-afa0-315cdd81eedf,front,field,15.12,2021-08-31,752,85.07
2a78e879-fd86-4784-bb24-1320d1b612f0,spring,democratic,98.53,2020-01-09,917,29.93
69ff76f6-7869-4332-bad1-1850b8bfb299,rather,adult,536.0,2021-10-28,539,29.32
e56f9ed8-ecad-46e3-9f82-13085bbfe32d,game,pattern,649.39,2023-02-19,608,42.84
68251df7-aadc-4fb8-97df-2115bab06530,room,lawyer,725.88,2024-05-15,71,26.63
d799c34f-d82c-4495-b0eb-79ff330acfc2,health,from,865.59,2021-01-29,37,9.88
ad2332d6-dbbc-405e-aa7d-dc816ba6e16c,around,eat,177.21,2022-05-08,541,11.3
c951e5f3-c590-4e77-8020-413b39d80488,foreign,music,824.93,2021-10-20,891,40.9
6f189519-810c-42f8-836f-54db256d2f6e,writer,time,666.47,2020-07-14,998,89.97
18928e79-6de9-4bba-961b-30089c2743e3,language,end,418.21,2020-04-09,832,32.74
433735fd-6093-4e4f-99e6-9c2ee2743312,crime,million,862.03,2021-06-26,503,86.72
abe00f93-52ef-4526-adc8-857553162815,high,military,337.37,2023-11-11,693,88.07
feadd328-2448-4ca6-8238-105544bb373d,wait,age,600.58,2020-10-04,346,44.02
9016df9b-fdcb-48ec-bd44-e6f68ee505ad,many,must,896.96,2023-09-22,768,55.23
4213aa62-5315-48e6-817c-c29440cab41b,accept,nor,43.05,2022-07-28,980,87.96
51b8df88-4539-4452-b471-411d7b8ee811,produce,start,518.58,2023-02-11,991,80.84
03326075-986b-4177-8831-268063179578,page,fire,161.72,2021-08-06,476,78.36
03d2a4be-b4f0-4a33-89cb-4d9b05345b67,mean,heart,649.59,2022-01-21,656,99.18
c0a63a7a-6e37-42c8-97ca-cfdc64c394cc,walk,simple,400.07,2024-04-03,546,68.9
5860231c-ef8f-43a3-b761-566810476c0f,see,future,247.19,2023-07-28,724,30.28
4e159882-3643-4658-b25a-74168aca5438,school,challenge,331.39,2023-11-30,536,95.49
68226741-a352-430b-b979-6df9b88a856d,must,religious,356.46,2020-04-14,824,56.76
c1d6bbf3-6b10-49c0-8159-13f3d057cedb,Mrs,contain,352.63,2020-07-23,292,86.18
a952b984-5351-483c-89e0-7510b195ec1e,wrong,camera,10.15,2022-10-10,42,24.23
dbb4d315-3ccb-4462-bb05-1edfc46b7e29,last,wide,248.5,2021-03-17,367,92.36
2104015a-494c-4358-adec-f4f31a8f242a,choice,wear,813.6,2023-04-17,122,45.24
64a9ceed-c9ea-4720-8886-b33baf2d1cfa,break,represent,165.69,2022-09-17,371,15.53
504014bd-c7f3-40cb-9223-c2e09302ee33,pull,while,513.57,2020-03-27,452,45.34
a56196b1-5309-473b-a84b-f3df08f93c19,another,participant,848.93,2021-04-11,140,27.29
e3178bd3-b839-40ee-b769-6e3f69376747,reduce,behavior,22.01,2023-07-24,662,39.62
e2d8e600-73dd-4279-b159-afbb34abeea7,civil,person,318.8,2020-06-25,771,62.16
7179d36d-a38b-43c4-93c8-3df59b782ad4,tell,someone,436.48,2023-09-02,218,15.47
35c14362-a2b7-4b25-abc5-7bef6312b2ec,more,beautiful,849.52,2021-11-17,930,54.2
cab1922f-22ee-461c-b3c9-c81f37b19633,pay,final,503.0,2024-04-15,44,57.82
5cd67f06-7675-4f34-89f7-955fe2efed6e,fear,ago,634.01,2020-06-24,725,70.18
4fb5a86b-52e9-4bbe-bf37-f12fb614f5fe,five,certainly,319.61,2023-04-22,456,11.23
7841f539-9a72-4839-a541-22fae13565c8,simple,fund,430.57,2020-03-11,188,17.77
d4d41ce3-68bb-4425-8601-48c20daef859,anything,sometimes,330.15,2022-11-19,222,9.95
ef2e5ab1-c8a2-4785-9498-caaf86fa0969,past,design,158.13,2023-07-27,848,82.37
863681c0-3a12-4eb4-b85f-a010f1f1efce,speak,way,212.81,2023-03-02,19,63.24
14178d46-db02-4a99-a8b5-9435fc02db50,front,TV,253.51,2020-01-01,388,30.01
11a635e1-ffb3-48b5-8ff1-a697543edb6b,begin,already,551.54,2023-07-10,98,83.37
c518cf71-d224-431d-8b52-870c4c0fc901,success,computer,884.15,2022-05-21,832,4.91
f082cef0-120c-4548-a2c5-4a40efd05738,better,class,928.96,2021-12-22,468,70.24
e1c44008-79b8-42a5-9301-07bd8949b55a,sometimes,usually,141.48,2023-01-19,129,66.62
314aaac0-0a38-4dd1-984a-3374f1836069,fill,avoid,469.6,2020-03-17,936,21.75
1a396ed3-56d4-4653-9db7-ade162e955b1,practice,take,431.78,2021-04-04,486,71.46
0778135c-e7a1-4601-80e7-7e45d81c29fb,by,guess,643.02,2020-04-13,13,4.26
e9c3f01b-ce56-41a0-a429-eddc0f2e72ae,lose,author,466.69,2024-03-08,556,61.67
f40d4991-2585-4dc3-8765-f5c1780e5c2f,form,above,68.29,2023-02-02,414,74.66
28fbf30b-5e99-4073-8c99-4cf3f77a7b59,wonder,candidate,349.09,2022-01-21,825,67.73
05febaab-60fd-40e3-8427-ebd1d19762dd,president,draw,239.96,2020-04-21,429,67.09
12f45c5d-1191-4006-a940-d928bb402e19,about,hear,52.33,2022-08-10,215,30.85
525d4d78-50b7-4f26-b37b-0c2c5f237dc9,phone,media,801.99,2023-08-11,943,99.62
aca28566-7afd-430e-889b-507fb704c97c,bed,allow,912.35,2020-11-25,292,39.76
4626bdfe-448b-4910-b84b-c885951cb154,until,life,697.29,2023-01-15,216,32.54
e91ee52f-1236-4023-b1ef-0d6995d1d2e5,cause,how,956.98,2023-12-15,751,51.61
53454e2e-0e14-4837-96dd-dbce20bf0691,large,next,148.88,2021-03-25,935,68.09
721eb407-aac1-4edf-860e-c308bc9d3598,quickly,make,384.96,2020-05-21,671,14.43
e2c9b6c3-ce31-446f-bc49-f60306eec444,she,factor,533.71,2020-09-30,671,5.47
7b0010ff-d005-4505-81d5-2309586c288e,career,card,260.81,2022-07-25,631,71.97
7e61833a-8c83-424d-b0db-5d5485902b93,many,bring,101.03,2020-04-04,148,85.9
36ad3c39-f281-403f-a46b-e6b8a70c9db9,serious,Mr,834.59,2023-02-09,216,31.55
152199de-4d7f-42f1-a472-98e125f65c15,exactly,detail,461.34,2021-07-25,543,81.59
3ba3bb61-f944-4f50-ab39-1a0520d00bf3,catch,call,584.04,2022-08-07,600,20.99
d3f26563-039f-4c77-a4e5-04acb15b9319,try,future,185.07,2023-10-31,79,25.27
0cc4d747-156f-4d53-ad1b-2db0e1b5bc15,individual,sing,105.72,2023-03-16,788,55.17
b0d0f105-004b-48f3-886d-0a51fdf2c7fa,note,stage,588.1,2020-09-29,708,20.29
06b7a4ff-4108-4299-b231-02d05bc477b0,hour,letter,997.56,2023-07-24,423,49.81
848460f3-cf6c-47e7-9c1c-960a7c94dcd4,quite,wish,907.1,2022-10-14,504,3.06
5dccccac-81db-42e9-a7bb-df41bd8e5aa0,reason,test,276.85,2024-03-17,90,45.08
324eacd8-1f6f-4381-a180-3fd6c27e3444,eight,buy,700.01,2024-04-29,344,35.96
814f0d4d-91cf-4d15-8bf7-083c5a56aa81,help,message,833.76,2020-03-30,749,73.87
a2d4727c-f53d-4c58-8191-9ff9b19cda7d,air,build,411.5,2021-07-11,557,9.7
ca961382-f862-4cc2-90a6-702acb549965,me,market,773.2,2021-03-18,531,62.67
e658b1e3-5364-4b1c-8e3c-94fb8ea0580a,Mr,stay,524.68,2022-07-08,661,84.0
f011d7d4-d2b4-4209-b885-ba82d3d6cefc,sister,such,370.78,2022-07-21,236,22.77
cc43852d-ba60-48c6-93da-1bc014f6d7b6,report,election,300.66,2020-01-28,12,24.3
9a25d02d-9d80-4fba-9d66-58256da656a5,north,tough,416.72,2020-08-22,540,67.91
84bb61fa-a857-4b00-8f91-d70dbb26b794,discover,tend,166.36,2023-03-21,344,1.43
77969708-9592-46f6-bff8-99eb07a44b58,less,any,209.28,2023-02-28,520,48.97
4952ac69-e2d8-4417-9a0f-0fb96677fff5,shoulder,purpose,12.76,2022-07-25,781,39.51
bf7016f0-10ff-425a-bf96-46417d60728a,resource,sense,905.67,2024-05-12,719,20.37
cce529e3-7394-4446-bf6e-f82658720d89,off,across,590.0,2020-03-22,774,73.53
79b5cf84-3224-410d-ba03-1a77013b924d,PM,describe,740.89,2022-05-15,573,53.59
9c5e92d4-b5c9-4aa0-aee7-d39dfc469fb1,simple,compare,853.24,2021-02-08,382,66.62
928c035f-c326-4bbb-82f4-c4f4f6252ffd,mouth,moment,832.05,2022-10-01,7,94.88
90ed313a-67a7-43e0-81e3-b8841f297395,PM,often,196.9,2020-07-25,419,2.31
2fa1e72e-b375-4a84-ae42-851a69b8f2ea,miss,bag,533.82,2022-12-13,20,86.48
cf97af56-c1b5-48d8-b38a-32178eb2589c,through,call,415.51,2022-12-25,2,5.3
fe7e8a3c-a5c0-45f2-a470-7c57ce53deda,use,today,313.71,2023-12-14,976,66.13
b58ae0a0-6b98-4651-83ab-f3cc14cd26ce,remember,almost,240.17,2023-06-11,150,97.79
624741eb-553e-4ef0-9a43-7a32fb9fef99,person,indeed,769.2,2020-03-18,545,71.38
d87a4507-a92c-4764-a4a0-4d9280185075,live,attorney,172.35,2022-11-23,106,64.59
57992fca-7ec0-4f93-bec0-b7a235a2d1c8,word,himself,553.44,2023-11-02,977,14.52
c7de317f-9d5a-48fc-996b-d18a739768c0,recent,policy,855.78,2021-10-17,26,85.78
68ede295-754c-4a53-ae25-f4e364d3ac74,deep,spend,147.04,2021-08-30,180,46.15
16803f5d-e1c6-41e8-a8b9-01f96cc9c8b8,teach,water,426.8,2020-01-04,484,71.42
38494317-3460-4eb7-8a33-5c5dbca0a5db,choose,statement,545.19,2022-10-10,322,35.14
e14d392b-3a2a-481a-bfbd-bf3081be3950,special,represent,236.95,2022-10-03,115,16.71
38815b5b-e3cb-453e-b988-c622f099f911,house,school,954.29,2020-04-09,786,48.86
df18fc60-d595-4018-a94e-10d6b80e639c,concern,sister,544.83,2020-01-29,103,81.51
3860325c-7c5b-4706-add4-876d5ec76cb2,do,service,444.23,2020-08-02,778,64.68
537b915c-396c-4b3b-a3ed-89c6e376c2ed,machine,bring,545.24,2024-01-21,630,6.72
db88bd79-c212-43fd-8690-049ddb508d1c,mother,wind,167.0,2021-04-02,961,86.25
b0ceea09-3265-49da-9be2-26dfa6556a35,response,official,27.39,2022-03-12,746,77.13
98510ed9-7a07-4ea0-8256-9b217031456f,wall,difficult,760.18,2023-01-06,974,96.69
2c8471ec-ac39-4a71-b317-cf6f90ffe168,son,describe,719.19,2020-03-21,160,35.29
40c573ec-a1ca-49e4-a3ff-5a6cf0a1db0e,concern,page,854.79,2020-10-26,139,23.37
568a75e9-a568-42bf-a8ca-a0349eb44109,answer,case,668.77,2024-03-11,332,58.82
3f7f1ae8-3e56-4dd9-8f3a-19dda21b9c8d,wife,above,795.69,2022-06-28,949,50.5
b99e2039-0bf4-4322-b61f-9eafd380878e,a,reflect,780.35,2020-09-05,904,71.68
6275c946-d2a4-448a-96be-2ab61b36c925,bank,social,877.73,2024-05-03,474,30.09
9be03d96-69e4-457a-95f2-fb238cc836ba,debate,before,740.12,2023-11-22,786,18.41
b4a39d83-f9c2-4df9-bb85-895ddf0bf2fc,business,free,94.86,2022-06-09,114,57.54
eb2bd7e8-038a-44f5-9cb7-5e539bf0dd9f,anyone,all,751.16,2022-04-23,634,31.46
51d538b1-0e80-4203-a297-38e8eede9df5,treatment,agent,50.32,2021-01-07,61,95.96
fc88ac8a-b965-47f8-a55b-8a6a9855c561,according,various,732.21,2023-07-30,901,76.32
b00c8ad8-b364-4b59-a98d-49c44de979c7,late,lot,295.41,2024-03-10,219,59.31
cf00ec7e-1ea1-4762-9f8f-f4d868ab0053,stage,consider,225.92,2023-01-07,704,5.12
fcaab531-5f95-45dd-a5c6-1fc7d24dbba7,challenge,claim,82.41,2022-11-29,666,45.41
04b5b344-0502-4c57-93f5-0daefaf5c879,dream,keep,431.79,2023-03-07,496,63.7
ee3852ce-3ce1-44c3-90cc-66f3921df587,say,ever,969.68,2020-02-01,467,76.66
32963e58-c126-443a-a82f-222c84f6914a,raise,between,654.98,2021-10-18,488,67.86
21105d77-b052-4f04-9586-031cfd7ed218,than,medical,455.51,2022-08-04,325,64.85
7017bc51-c55e-4145-88db-c3a67f9d2c65,image,vote,622.02,2024-04-22,129,12.92
e3d3b4bb-38d8-4389-9709-4cfed66bc6e1,gun,help,277.75,2024-03-23,699,26.51
0ac2a994-a5f4-48f3-b42b-7c0fd9f8ebb6,cut,while,824.12,2021-02-02,35,72.99
1d9be991-eca3-4a51-9038-fd148a263702,type,soon,744.38,2023-12-11,377,64.01
ddb9ed80-c983-4cff-a26a-7bc409b77f8e,professional,unit,380.81,2022-04-25,243,51.78
2d3c358b-c471-4a81-9dd4-1af68f2c66c0,choice,over,717.06,2021-07-24,891,97.38
6d6cfbfa-1938-4957-9c1d-6561bd5be513,dark,some,705.86,2021-03-19,695,3.45
dbcdef14-fccd-4bad-b27b-5ae26f6e7404,miss,data,828.56,2021-12-20,617,94.8
eab3252b-e6f2-4e8f-9cb5-0eaa6c72e621,let,all,786.83,2023-01-18,449,3.21
db522e23-a595-43b5-b715-c49f8a3b1314,process,guy,476.2,2022-12-26,727,70.39
a69a3ac8-c1f4-47f1-80ff-aeb60c9e126f,beyond,bag,533.39,2021-09-17,865,91.44
02df6407-e69f-4edb-8a03-81fa0856cf41,half,could,326.73,2021-12-20,923,93.42
f20240fe-9e0e-43a9-a5fd-00e460ab651b,care,PM,380.81,2021-05-04,886,73.33
13125af9-a935-45e6-934e-e5552d583f62,particular,body,255.12,2023-03-02,8,35.14
2c6d14ab-e210-458e-8ea2-a4d05fc4e3c0,show,how,910.94,2022-04-02,820,45.56
49c63c6f-6b52-4939-997a-87c573dbac0f,and,white,411.43,2021-07-11,608,53.26
bf401cc8-f761-4107-a7d7-3215a29328f1,figure,say,32.79,2021-07-14,944,44.57
fada2f43-d91d-4645-a640-531e7283fb6b,down,baby,174.0,2022-02-14,851,16.3
ae492394-4222-4e72-83d6-fdc151e193ba,camera,debate,186.8,2020-03-20,875,6.02
50c5a805-8d53-4789-a81d-8adc74ad6e8c,around,whether,232.83,2023-10-02,22,24.53
0aa16b6f-ade7-4767-82d0-6779994fb4ac,service,born,468.48,2023-08-20,394,11.05
fe8da568-e51c-4269-993f-f2971d33b419,be,simply,245.37,2021-07-01,899,37.02
efb538b6-b116-4d4b-b52e-8c88f7351568,reason,rule,395.34,2021-05-04,720,89.92
5b1e9568-0f63-4bed-bbcb-7db989281330,happy,administration,979.77,2021-09-03,795,80.79
7d7c62c1-5c89-4f5a-a733-91f266928e55,under,structure,939.14,2021-11-04,983,16.17
f4376807-753d-4ead-ab05-8f15ea6667f3,former,serve,745.33,2021-08-07,690,32.75
f0bb9ab3-46ab-4ab6-8c08-3f2ec6c34063,true,require,988.34,2023-01-03,565,90.92
f22a1571-3586-44e7-98e6-c377d9efcc2a,discussion,rather,597.25,2021-11-27,139,25.09
789faf6d-4ac9-4ce5-b1d5-c98555304c28,onto,world,831.17,2023-03-06,231,40.62
92524328-cf68-49b0-93cf-0dab7e7271f1,music,more,477.72,2022-09-21,385,2.99
f3b65184-c730-434e-a41d-33024f817257,partner,word,212.84,2020-04-05,568,3.03
46e7c280-298c-4134-aaf6-77d4d15a8cd3,goal,stage,357.01,2024-05-25,721,89.53
7086b265-c773-495d-ad0c-fef489af71d6,or,director,206.17,2020-02-22,698,30.12
2c472f3a-f05d-41b5-87bb-c207de1f9770,condition,all,831.75,2021-02-09,471,7.49
9c099dfc-9b80-4cec-bb17-0831c53a6a6b,world,similar,305.78,2020-12-31,799,57.51
b065b651-e183-46d4-9e73-b1bba1fa13b2,performance,specific,59.37,2023-12-31,73,2.93
c78a9b89-fb54-465a-92d6-ce4a10cb2fe0,community,they,911.41,2022-05-18,867,53.57
5c3da3da-96a8-4adf-8eb7-e1f6ba36056c,industry,result,212.04,2022-05-12,516,47.09
995c5d5a-763f-4218-b7b9-3e868c9d2183,market,remember,239.82,2021-04-28,906,65.0
06cdb929-3dd8-425d-b8fb-7adc89afbe88,drop,half,44.03,2021-12-16,669,93.48
8ae5001a-463b-433d-8b36-6b3b8d9c47fa,box,opportunity,844.36,2021-07-15,18,76.82
5f2689aa-da9d-4874-be5e-22ce4a513530,board,significant,737.64,2021-05-09,530,18.83
439ec109-59df-4935-9503-37cb5e328615,natural,discussion,264.88,2022-01-23,807,72.59
39de82dc-760d-4015-abfd-24faca6fb51e,if,again,767.58,2020-12-15,669,15.77
b51d429b-43b1-4978-9f84-498d54473f1b,current,no,942.36,2021-09-28,861,51.59
9d9f70e9-6f32-4451-8e34-b25fb58377d3,ago,film,989.5,2024-01-30,807,31.87
6563bcec-713c-4097-b45b-c111d228d03f,civil,since,186.7,2022-11-13,457,84.64
0781577e-a306-49ff-b826-a8e8b30103b1,visit,get,325.13,2020-11-07,607,81.1
bc3ca2cc-7b4b-45fa-bdb1-3c88d6c0ca49,from,increase,300.66,2022-03-18,620,47.98
4e15c8b7-160d-47c2-bed5-53f62245c73a,style,attention,586.78,2023-09-09,969,32.28
b4262cb5-5caa-4f3a-aa8e-544a558c5a55,dream,miss,200.29,2024-03-18,576,83.52
a8fb816d-c879-49e3-9185-fc06e19f1255,cause,practice,761.12,2024-05-16,599,31.99
3f82e08a-ba31-4a73-a8db-28217b943509,without,fine,10.72,2022-05-06,271,71.34
6824c2bd-ba1a-4de5-9883-6bb561e71cf1,mind,marriage,440.3,2024-05-26,476,86.0
3f92a183-5205-4029-bbfc-9639c7bbc5d3,rise,system,349.66,2023-03-27,539,96.29
ae9957e5-81df-493f-a4e5-34e271e0b9d0,politics,growth,204.5,2022-10-03,225,19.26
bf883ef1-52c4-41cf-ba94-edf0e2e5cc49,report,technology,778.64,2022-02-03,918,15.98
68a345a3-6a12-40f3-a8d8-9140ec7ce682,red,specific,505.24,2020-08-05,95,92.92
3c48b140-f245-4c81-b5ec-959f67a083e0,development,professional,246.91,2020-12-04,249,14.25
3ff83139-b870-428c-b154-38677295d806,campaign,effect,597.36,2023-12-08,164,96.82
787bd37b-81f5-4281-a1ad-3662852af5ab,position,civil,901.32,2022-05-03,344,20.18
d4da76b8-830d-4dbf-8da9-ae7bc3582677,old,talk,507.88,2022-02-08,660,53.81
3cef4d23-0879-42ca-8ec0-4177d3fc8176,customer,medical,235.72,2020-09-28,838,55.07
b66e0f22-b0d2-4f1c-8844-71855f357ded,adult,quality,511.53,2023-05-13,573,37.73
d807a1df-62d5-41d3-bd41-655d40116807,defense,gas,12.71,2023-04-29,845,42.41
4e5772f2-b289-4eb5-a75f-cab993397b11,mind,brother,325.36,2022-09-05,626,4.35
a0a003ab-c2db-4402-b7ea-41a8e44c37b8,list,between,874.59,2023-01-01,16,88.26
48e03b3c-0a07-4972-957e-14c1a4baa7bb,growth,nice,128.33,2023-07-22,809,41.54
e6314516-3055-4c87-9618-fd3fe0c6a223,under,impact,234.82,2022-04-19,244,36.16
27ecb896-b349-4c91-9bc6-914d5d34e41b,customer,continue,167.39,2022-12-14,961,47.9
37719fc5-2e27-419b-b8b0-6d9fa70ddbcf,author,ok,30.01,2021-09-10,443,49.87
3fe81478-aa9c-41f6-9537-3a2bcb49a3ef,himself,prevent,434.97,2020-07-25,394,60.57
aef91323-4132-43df-99b0-8724a1f23392,heavy,reason,15.09,2023-10-30,87,52.7
2fdf3e13-c4ab-40e9-95f9-1222afe23ef4,but,information,149.79,2023-09-20,47,99.03
1efadeb1-b888-47f6-a87b-2239b289265d,education,style,357.79,2022-07-21,937,16.21
1eeefa58-233a-45fd-8233-ad9a55d4e1f6,thus,baby,106.04,2023-01-11,802,12.18
74ee9cc8-44b4-4ad0-b228-7238ce660d38,tonight,effort,234.49,2022-03-17,522,66.71
0802c3ab-57b2-4d45-bdc4-eb1c159096ef,thus,catch,858.89,2022-11-03,892,9.2
bdb49373-7d41-4c5a-9051-ddc7b4db63d0,since,who,567.6,2023-07-31,575,65.19
e1be2103-ef29-402d-8f88-beb6f3e8b79b,play,per,204.65,2022-08-08,975,11.99
b5414d6b-54e3-4d17-be4e-003e28da6a38,nor,learn,126.04,2021-07-23,894,27.73
3a9e01d8-ba39-4783-81e8-66a8f6df826a,apply,interview,802.52,2023-03-28,685,75.3
acd49f8b-2ac0-4219-b2c3-3b75a6987d1e,society,study,98.52,2020-02-12,286,83.85
aff444ec-9b74-4179-943b-84a3670bfd1b,reveal,teach,800.99,2020-08-14,754,22.19
c6a717d3-e07f-44d3-b02f-a0c865a778de,standard,out,671.92,2023-05-13,412,57.96
091fd7aa-54ba-478a-95b9-b1a13e8b8a77,south,room,369.6,2023-04-01,151,17.28
43e21b8e-b5be-4128-8044-f7ab8fa82170,wonder,doctor,988.93,2020-08-26,565,88.38
16f217e6-061c-4e13-b47d-2903bbb135a9,sister,effect,913.71,2020-12-10,692,71.57
bc11296f-743a-4e88-88e0-c8365e294cd6,democratic,summer,111.24,2022-09-30,468,84.32
59225cc9-1313-4ec0-8162-032e2cdb9f04,table,sound,619.54,2023-08-17,287,62.71
a72b68e5-fc82-453a-a505-dfd2e62ebfe3,would,visit,223.23,2021-03-19,252,85.04
84cad70c-65de-4956-8eb3-d822936713da,not,soldier,35.74,2021-07-03,342,71.8
43297da5-3098-45f6-aedc-a9bc965996c9,middle,move,293.68,2021-09-30,462,26.28
3ec283ac-9937-4526-aacc-54fa4bb6b20a,particular,poor,103.18,2020-10-14,281,69.34
8e0ba44c-03f2-4fe2-82fe-ce9dc19c02cb,energy,type,414.13,2022-09-04,370,16.51
db66d114-7b0d-4f4a-a3b5-57ba1945959c,music,less,294.99,2023-09-30,696,96.77
756aa7fb-245e-49cb-a6a9-6ec9a6aeb6c3,common,yeah,405.58,2021-06-12,566,87.17
d5fc9a51-3d65-4f08-930e-a274f9d11c30,country,somebody,195.84,2021-03-30,296,86.75
92d8f5cf-1af7-4f4f-8d02-19a32922b3b4,as,them,861.3,2022-03-05,197,77.77
dd398d73-a329-4f0d-a637-6b62788b6bce,affect,sister,677.37,2022-10-17,520,17.48
2b784af5-ae6f-4610-b709-a2033755cf5f,product,adult,589.38,2020-06-10,545,98.36
a6c7b0e6-24a4-4eda-a416-d1572588bd99,nice,those,127.1,2023-03-27,689,59.23
a3a49756-d640-42fb-88d6-b64cf41637c5,though,resource,938.96,2024-04-30,342,1.55
71b34c90-dc0b-41b9-9100-55abf9024767,security,sort,706.95,2020-10-28,945,51.39
a5eb3a12-8dd9-48cc-9e62-b6a47276c5bb,away,performance,172.24,2021-03-27,788,48.04
cc77a9e7-8839-43d7-909e-8ae2febdcbc3,successful,beat,98.64,2020-03-27,659,22.75
895ae56d-d891-4125-95bc-898cbaee7c42,reveal,miss,840.65,2023-07-06,243,16.48
c3aba614-af20-4b9c-8c66-a412ef8cb79b,officer,product,907.9,2021-02-10,421,66.6
a4e45533-1167-4954-ae8b-abb9cfafb197,month,family,343.98,2021-10-10,157,7.54
d5c30816-010e-4832-b2b7-b8bf01f770d4,worker,watch,565.82,2021-08-24,160,65.2
bec827de-dc4b-4f85-87bc-af46125b8b37,you,base,621.53,2021-11-30,591,49.09
7efc846a-654d-4e4b-8097-948d503dda83,property,theory,274.07,2021-06-04,909,26.03
95a446b9-ae10-40d0-b991-d93c96bb1d21,industry,floor,497.94,2020-09-12,117,79.05
a1e2bd6f-9833-4289-9112-d34861fc9ef8,ok,line,132.71,2020-11-30,281,81.42
1d52a1d4-b930-4d63-b92d-d5e4976d555a,defense,more,46.23,2021-04-11,71,97.69
c32e8c38-288a-44c4-8754-5607dc00005f,else,actually,948.32,2023-11-11,486,96.44
f13d7c94-ee88-4a0d-94f0-e6c5e69ce887,seem,painting,646.63,2020-09-29,862,15.73
a1166442-3d9f-49b5-b81f-b88b0af766d0,partner,behavior,554.04,2023-01-24,339,45.1
6c2bfbc1-2dbc-4221-b564-85611f58b6f0,more,including,550.66,2022-11-03,516,28.87
d965f8a8-ee7c-4e64-9dcf-f8cb89a4fa22,term,early,606.1,2022-05-16,425,59.16
07c3ded4-b9f4-4b14-b8b8-39557eb18b4b,their,main,903.85,2022-03-09,524,66.4
85ed6753-b667-4d1f-93e0-9e16623110e4,herself,personal,789.13,2022-10-28,216,94.27
6576a2c9-7b58-49d0-bc85-5be454734661,civil,bit,691.44,2021-06-15,739,70.97
4a654dbc-fe55-442b-a71c-682573be0b25,where,bill,210.02,2022-04-27,456,88.73
bb9df2a5-8f51-471c-a1da-14d2b4d5d73f,message,future,955.06,2022-11-04,683,84.66
c7e184b5-7d61-429d-916d-cc18321684b5,eight,less,66.58,2022-03-07,757,94.03
5d53bab1-02bb-4187-a9a1-f83743f700a9,when,piece,258.66,2024-01-23,167,40.12
8c6d3b63-22db-4a31-8706-451a4a4f2b5c,enough,if,788.3,2020-08-03,926,73.11
5c738002-9818-48f3-b1f1-e7a120933a20,claim,live,900.07,2022-03-29,936,88.59
8aea56e9-2f49-41c4-96ec-2b760d80e449,table,without,557.46,2021-06-20,464,27.0
42374060-9be2-4ae9-bd95-a4a7f262de6b,modern,clearly,11.33,2022-05-03,908,43.31
56b35769-4369-4ae1-8f59-90add11aad08,mouth,ground,188.23,2021-08-30,569,4.19
71502afd-1421-44b8-937a-c35a123fb59b,very,effect,656.84,2020-12-14,581,10.43
6e9df934-7fdd-4126-ab3f-213ad9e412c7,task,beyond,732.78,2020-04-07,751,91.64
85fe9734-836f-4331-82bb-2ffe9e0f5e30,bank,loss,785.44,2024-05-28,245,44.54
57e25749-9ea1-4ff2-935b-0f69ae9241e2,company,yeah,990.47,2023-02-22,308,44.08
2d80bf1f-41ba-43d6-836b-895c90a0a0af,knowledge,possible,648.58,2020-10-16,628,70.37
534d3c65-7d4a-4a4f-9ee7-8a8f2765f3e7,animal,go,197.25,2021-04-29,206,15.8
e0b1d687-1578-434e-bde7-2e424c3409c3,letter,risk,561.34,2021-11-14,651,1.04
59ef3db9-8414-445c-98f0-83deec5f6c12,police,major,324.51,2021-03-21,195,4.05
03c54eca-6de6-41c4-aceb-202cb5b5d043,situation,case,596.43,2023-05-10,480,11.05
3222896a-e8c5-4b10-9f4a-3671b8648b13,represent,through,447.86,2020-03-07,302,79.66
6db10602-6688-4ba9-99a2-a4aa6c1e2e5c,over,nor,114.78,2020-12-26,367,13.53
5ce566b8-341b-4f14-b51b-bc99488dae55,great,not,290.66,2020-09-04,911,60.74
0251f4d7-2741-4fbd-bc2b-229604f4ba87,board,manage,884.42,2022-04-26,729,41.39
3ade4abd-7f80-491e-99ec-f93097a8b473,draw,side,673.18,2023-03-06,687,56.07
b8363e8d-2bd2-4b2d-b48c-35a5ce79149e,moment,if,921.47,2022-09-23,677,48.14
c0ef7ecb-3565-4e5d-97ba-6fe5c440abac,fund,seat,813.82,2022-11-01,600,49.67
6e9210e5-3701-4f63-8976-36ecff24b590,language,seek,981.3,2023-04-24,2,26.51
b77d3c44-8f6b-4918-940a-ff129f6b7dc2,soldier,ago,898.27,2023-10-03,15,8.18
1e9dbf91-fb0d-4080-bda0-99af01782603,it,community,838.2,2023-01-03,701,53.95
b33e7560-70a8-4a29-be24-c58b35e8cd83,treat,TV,302.84,2022-09-04,173,4.18
5e90204c-279b-4a16-965b-a7546e8e71d4,give,able,935.89,2023-01-04,546,18.69
ac576caa-0bf3-49b4-8c70-b2fd97ef7bf8,else,owner,110.52,2022-02-25,332,76.13
0fe9682c-1a1a-4d96-a49d-1ac68bc21994,create,spend,383.75,2020-10-23,996,15.04
00aa59ce-8a83-40c9-9cfd-b60c5bc3ff24,water,heart,250.95,2020-08-28,693,48.46
3d844896-e69f-46b0-bacd-98b4b4d6c312,administration,writer,226.88,2020-11-26,153,46.87
0be97dac-fcf5-4db8-8874-5489bc05ac17,common,beat,702.18,2020-09-26,538,66.1
07ed413e-5c0d-42c6-8e17-75315e15fb5c,business,ago,612.17,2021-05-21,456,81.64
27b443b2-d421-4545-a52a-4f94a62368b5,task,phone,370.45,2022-06-09,328,5.38
fd3f7165-9524-4142-9c92-4659337ffc52,analysis,decide,236.11,2022-02-16,701,58.58
112cf10c-a746-44db-81c6-bb4536e2d285,inside,as,14.21,2023-01-15,95,22.37
f8ae0efd-1d46-40f2-bcab-7d3f03c10686,relate,could,583.41,2023-02-27,7,82.18
898d688c-9ee7-45b1-b892-c6ea5d83c0f4,risk,but,983.14,2024-04-08,27,48.32
0fd9a88e-3b86-4355-b4bd-92224cc8b473,military,notice,250.48,2020-12-12,988,11.78
ab3002c1-06aa-4c1b-9bbb-b28bd6e8d8c5,low,relationship,579.55,2020-10-18,495,92.35
bcc7933a-694f-4702-85cd-9bc4f9426d46,specific,north,682.52,2023-11-23,662,7.61
1de61b2d-2403-4f34-9f91-59cda7513a40,matter,both,416.26,2024-04-16,713,29.97
2685f37d-abbd-47cc-a4a2-4ca5110f48e6,because,suddenly,14.43,2020-12-05,357,96.45
453ac191-8aaa-4324-a36f-c9d303f7f6e6,anyone,nice,407.21,2020-11-02,180,89.9
11936590-e97d-49d9-aff6-ec3419e7f6c9,say,coach,892.16,2020-08-17,759,84.35
f94b692e-a27e-4c90-8b97-f43562cb1259,third,work,902.86,2020-12-18,68,72.79
7e056d84-9f1d-43f1-896d-cf12ec92444f,east,discuss,961.56,2020-04-06,318,23.97
8a57f599-de62-47b0-995e-6779812c023c,present,exist,62.31,2022-02-23,397,89.45
8a7763a8-e179-41da-8078-6d31394b8344,at,affect,820.91,2021-10-23,3,94.34
3751d469-5e6e-444a-8237-dba4b52e41de,parent,road,951.07,2020-11-08,450,15.64
ea0ad7c6-07d1-4f6f-bf70-69a853095c95,strategy,decision,220.01,2020-12-29,668,59.46
bd1f6f74-1b58-411e-9686-c196483c1e51,community,offer,559.37,2021-02-23,853,43.11
75ab0a2a-a6f4-4fb1-9c1d-5e86f2b7a662,stock,service,998.0,2020-04-11,901,70.47
fe733fee-fc38-4c8d-8bf9-39ebaea89e0a,around,where,867.07,2021-04-24,446,95.84
2c348732-f52b-4c69-a6a8-c7614cf57609,night,month,402.4,2020-01-19,281,58.14
df1c8697-b356-4a92-b628-457a75d27373,final,sister,401.17,2020-08-20,796,25.46
133908bb-2239-4bcd-8024-380b2bf530e1,right,technology,945.94,2022-02-14,969,75.92
235391e0-e837-4a9c-a48b-ed4837bc19de,I,responsibility,18.46,2023-06-07,656,52.61
e3bed1d4-14c2-456d-ae7f-e6bac0e8e219,red,let,705.64,2020-05-22,693,4.7
42350abf-2cff-42ff-bfde-acb74d902815,their,pick,642.56,2021-05-07,958,18.62
974c9a22-44bb-4b89-ac16-9d9bc0f9a2b1,draw,party,94.69,2021-07-22,269,74.29
f570408c-47e0-44c9-a953-1e2ed9fb3601,smile,defense,231.08,2022-03-22,129,53.03
aef55712-14c4-449f-b94a-20697482a940,study,scientist,843.71,2021-09-16,711,69.59
c8f25250-39ab-4216-acf2-f994df3761fd,me,administration,602.36,2024-04-14,928,15.62
54d6d529-b4c6-4f5d-9691-423a599666a3,more,few,909.14,2022-08-14,374,26.34
f99e6001-c2e6-4bd6-aa39-933e5973cbdf,reflect,husband,846.63,2022-08-03,631,99.19
418e0c1d-34d5-4271-bc78-7ac369e75179,director,dark,99.56,2020-02-15,911,21.14
0a8d8586-149b-4e73-adf1-e23e684ba330,do,huge,153.41,2023-08-02,300,36.42
e8b6231b-087f-4326-9a35-ecd2483b668c,here,one,538.82,2023-02-21,683,13.52
a2ac48a0-961e-46a8-9b69-33d69972ad96,affect,fast,578.45,2021-06-26,567,1.71
3ea40855-2d62-4c42-b7e5-3d39f584e1f8,heart,oil,14.94,2020-01-24,25,61.3
e6f99038-e0a4-41e3-ac71-8f411ecd9300,if,people,326.33,2021-10-18,468,59.05
943f479f-47b3-4030-a4f0-073c0a2b8aac,present,gas,635.38,2023-07-29,618,92.96
bf6c0628-749c-4edc-a5f1-c83cacd8daff,area,arrive,698.35,2023-02-08,932,20.96
6754d6bf-6744-4abe-b6c4-ee699b5d5c77,main,back,731.02,2023-03-01,992,53.3
30a1e2ab-12e8-4ff7-86d0-981e70f2d880,reduce,ever,603.52,2023-01-18,436,7.4
b2e7e041-a0fa-43ee-9208-801076bdf06e,economy,happy,827.7,2021-06-22,184,4.97
d93e8f4f-8404-4a07-88ac-36edb3176f73,buy,recent,484.19,2022-02-24,666,7.43
dd5c121b-9e2c-4a13-b66a-bb0a61cc5fc3,notice,education,568.55,2022-02-06,374,53.19
7965fb13-4179-4f4f-85a0-27e2a6c156a9,deep,someone,77.02,2024-04-05,606,24.5
41ee7af6-274c-40df-922f-db0834601575,our,despite,780.7,2021-04-23,219,41.09
3b11a2cb-0589-4d74-ab0e-643e0f0968f6,necessary,young,752.65,2022-02-27,976,65.05
5ecddf80-a492-4af7-a0e5-2185d89c60ee,store,method,408.34,2023-09-17,706,15.24
570849d6-ac85-4d93-b8c1-71f8ad32974d,way,safe,143.23,2022-10-21,300,32.12
182207b8-f06d-4557-9846-6a44cd42221b,rise,four,49.09,2020-03-27,588,10.02
3dbd20c3-49ef-474c-bd47-20e53581fcac,watch,light,532.71,2023-01-21,967,4.35
b1ffe9d6-07a5-410d-ab3b-fad1c00d4093,purpose,generation,840.95,2023-06-19,176,95.96
b7683681-d5b0-48d7-9849-59fe53c6a2cd,itself,its,273.48,2023-09-14,285,93.98
600f1e4b-82ab-4455-be5c-3453ee06fd2e,fight,reason,43.64,2024-02-19,689,54.12
ea260984-d97a-4838-b59c-7fa3f766b8bd,better,of,48.11,2021-08-25,856,72.1
aa640c4d-48bd-42cb-82f6-148e7ce6d6a3,represent,nothing,330.06,2022-05-01,649,52.36
c9832290-e4b3-4741-912a-9eb65970cde9,night,point,387.4,2021-09-01,884,32.89
4cd67d1a-3550-4856-b75f-b5b7ce40754e,between,answer,105.31,2021-03-23,246,81.15
66c152e5-53a2-4c6b-9c28-8c74ebac0c34,but,old,327.98,2023-12-18,293,14.69
11b48c4a-a7c4-4838-95c6-8a4afaa68f68,suggest,amount,50.77,2021-02-18,939,88.78
25a4eb83-cb33-40c7-8e30-b7ba5b74fcae,set,plan,896.02,2023-08-01,48,6.46
840fe556-7c9d-4762-a95a-88bdc998a4aa,quality,up,709.66,2020-07-16,816,48.37
47d44be8-61bc-41e6-b825-7728658fee9b,order,performance,304.86,2020-01-26,441,76.55
8ae04236-2298-4e3f-ad6d-51a6ae1ce0fb,forward,win,82.64,2022-06-30,819,53.64
4c401d0d-4742-4afa-ae41-ce528bdc71a4,between,together,884.14,2024-03-22,943,19.81
0d7e5631-cfb6-4e7e-bdd8-4a38fd4bbb43,smile,yeah,53.48,2023-11-20,895,72.28
a45e82c2-5182-4d9c-8815-a06b3b39fa7d,until,sort,626.5,2022-01-05,995,49.32
727dfd3b-e418-4774-b023-ad0eee6ffdef,space,dark,220.24,2024-03-16,790,15.25
389861a7-4a5b-4361-9fb0-d3fb4a03f42e,scene,air,913.25,2024-02-12,771,66.73
72663e47-db5e-49d5-bf39-fe0c482723bd,half,four,562.96,2020-03-26,108,98.19
5eb76c28-37d2-4af0-810a-cb9f76191eeb,technology,already,104.83,2020-12-07,744,90.73
2e894af0-587d-46d2-abbc-c4c9564ddd63,finally,whole,678.51,2021-12-08,945,66.17
31254bad-4dd3-4625-980d-71c509bb376c,around,red,906.92,2023-08-25,172,79.92
c8e6404f-143d-4bfa-a007-a385a7f875e0,mean,easy,877.77,2022-06-25,300,41.05
4f8b428c-d068-43a5-969c-6ad1a0698778,rich,ever,113.61,2020-01-23,3,66.71
5415fa9f-e99f-46c8-ae3d-a092357578de,sense,black,713.2,2022-08-25,262,24.71
dd2d8a59-5eac-41eb-802c-1cee9c38e62c,employee,hold,487.0,2024-03-07,830,8.48
dde4eb49-c72b-4745-a83c-605c957f6a44,least,interesting,25.83,2023-02-06,36,99.52
2c9ae20c-d452-4fe0-90aa-1dbb51b8adfa,interest,sure,746.14,2020-01-18,322,55.62
a3206d41-c4cc-47ba-bb14-147bbec1c032,board,generation,608.78,2022-06-12,184,2.88
21afc39e-4da8-49e7-9cb1-5a6a35ea2bf8,need,skin,65.82,2020-01-30,131,14.2
b23a42e3-de03-4589-bcf3-d11fcdb09771,whether,moment,652.22,2022-06-15,866,85.93
76673001-7b66-49cc-b7a2-258594bae1f7,kid,news,121.42,2022-11-23,809,44.37
8c948495-9abf-45c3-a983-6a5bc758592b,time,imagine,616.2,2021-12-01,290,66.06
20800524-bd41-43b6-b461-e5fdfba999a3,win,pressure,253.96,2021-07-11,906,25.32
ebfdb178-9031-487e-bfb3-4754b32421e8,wonder,family,668.66,2020-06-10,861,58.84
212279a4-25d9-4abc-9199-665a1503e699,thank,security,583.52,2023-10-09,543,89.4
9bf5244e-2849-4b03-afbc-60688127c03c,next,rather,729.84,2021-12-11,441,54.19
282b5637-0840-4d60-ac21-4870308b8bd2,occur,public,433.19,2020-06-13,901,70.24
14073c6c-8cc6-433a-b1bd-0d35247cbfcc,music,light,584.26,2023-05-01,689,32.73
9b106ff3-0f03-4d19-9fe1-264511a80c5e,return,shoulder,389.89,2023-04-11,708,19.68
a7f2a00e-139b-41fd-888c-c462caea098e,nor,eye,995.67,2021-08-30,462,88.46
38cbbb7f-2931-43a7-acec-9849a9a76432,call,small,873.82,2024-02-22,419,10.05
6f50854d-46b9-4cd4-aba6-3e13898546c4,woman,whether,767.61,2020-07-27,242,5.89
273239c0-369c-4f69-ba5e-9568351a8bf1,fund,receive,225.99,2022-01-01,756,75.13
5cd52b28-6f90-4ac2-8049-a5ec73e8af53,his,leg,950.06,2020-10-05,611,8.53
d643c44c-365f-4edf-9e6a-f3cc2cae5d13,firm,production,343.09,2023-08-08,119,64.05
77f7a56f-60ab-41ff-8898-9a1eb607ea57,must,arm,213.8,2023-04-13,610,51.09
2edf6d12-3b0c-420c-870b-6d8ff3f0f85b,once,religious,855.1,2020-12-23,714,91.84
c8ab96ac-ced4-4e48-8619-56948aa7f6b8,owner,friend,178.6,2023-01-27,608,47.34
5d9d880b-ca26-4371-ab1c-73f3743120f7,vote,by,340.15,2023-05-06,752,23.24
f217ab9d-1e24-4d9e-ada6-6af143abb598,economic,wrong,934.5,2021-07-16,534,77.49
e67b8e94-8771-48e7-bef1-f39acee4e77f,imagine,protect,178.61,2022-10-01,769,17.0
ba481d06-a631-4b06-9426-c39087207eb1,development,gas,438.94,2021-12-23,504,84.91
019d33f6-85ef-4e7b-b6b3-f6075a5ac9a3,you,vote,179.27,2022-06-12,69,74.55
a257ff98-546f-4439-856f-9e62328ac137,believe,identify,462.39,2023-08-05,686,12.94
18a0bf2a-4953-4b4e-8058-1b9f14026648,much,recently,920.6,2020-11-13,263,47.24
4d25f413-aad4-45b8-9d4f-2f8750b3b434,arm,thank,514.37,2023-06-01,961,62.03
7bd7c580-11fb-4e9c-8f05-60277a0bfc1b,collection,prevent,896.95,2022-10-05,420,99.19
5fcc6a7a-b551-454f-9ae6-fe1c3b133876,thing,girl,807.69,2021-11-18,277,89.21
3318a932-6bc1-4b48-8f15-09c9e29a740b,strong,myself,748.29,2022-10-25,711,15.84
7f145d29-9ec4-4011-876f-56aaf46fa72a,forward,whole,988.99,2020-12-02,615,36.28
96223a67-2a2c-4b9c-ab09-60861eff2483,agree,thank,632.27,2024-04-25,708,81.28
d1f02e47-3c4e-4f46-af91-f5e7d6b6c74d,still,better,538.41,2024-03-26,4,59.95
08b5e741-f87a-4b09-96b5-7bdbbaa1d05d,lead,set,552.73,2023-04-07,818,45.49
bb2bd676-049b-4ce1-bb40-a4a753b73da7,development,charge,124.91,2020-01-17,160,71.56
1ec8393f-29c5-4c0b-ab1e-a2cd0cf205b9,car,seat,10.03,2021-10-11,193,17.37
b228146a-851f-4e2e-a051-f555f5430a44,forget,apply,739.64,2024-01-20,856,88.25
749f175a-bfa1-4826-8e6f-dec8432b1719,consumer,year,778.72,2022-11-18,23,87.27
0d265564-bcff-4eca-b53c-7ea2f3ec8fc1,sometimes,high,23.14,2021-07-07,881,9.97
8d35387d-1e21-4ce0-bf03-46fbd9267d1c,past,plan,573.77,2023-09-17,576,29.14
3d8f4655-8562-40f7-9f38-9979556bd93e,me,assume,402.56,2024-05-13,983,78.87
61f974cf-564e-40c1-a08d-187af0a74fca,accept,election,190.43,2023-10-22,138,57.08
a91022ad-c11d-40d4-a806-5c8ec0f23afc,table,performance,387.04,2023-09-29,72,99.92
9d717902-f5c4-423c-aaf3-7445da7e89bf,me,factor,864.64,2022-09-11,353,96.53
f2d6c56f-9532-4bfb-a4ab-77dc3d206e3e,wife,social,486.99,2022-09-22,700,16.77
90a3bacf-d586-479d-801b-3b90e3e97445,major,bit,122.21,2020-09-05,344,94.38
72caeb9d-51a8-49b2-ad59-1dc3723ec590,practice,consider,920.9,2023-01-09,879,79.88
90dd3465-9493-41ff-ab9d-c9023a1bdd53,old,network,429.88,2022-03-23,471,50.43
dffd9a0b-672a-45cb-b88c-1207e4497035,rate,well,781.51,2023-11-25,887,49.67
fc70d3fd-0d3c-4968-b7a4-b6f80745424a,quite,shoulder,430.32,2020-06-25,556,65.83
69b89f72-e4a9-4af2-b1be-4345066d0ee7,politics,majority,34.01,2021-08-06,825,45.49
6559e493-8d5b-405e-ba9f-95c65da1276e,information,charge,961.85,2023-11-16,632,71.28
02d1856d-d9b0-41a2-a0bb-542f080bcaba,husband,individual,251.28,2021-03-27,78,35.12
c88ee9e9-a976-4645-958a-0048ce1c63a5,kid,but,580.22,2020-01-17,173,92.26
a40c01cd-92a1-4316-ad2e-e1a1ff10d65e,knowledge,throw,773.01,2024-04-13,901,19.13
9faeba4d-fe7e-452e-9386-aab82cc6a4d7,culture,indicate,894.92,2021-07-24,24,4.02
1706b72e-c5a3-48e3-8523-a749902ff5e5,before,behind,569.05,2022-03-02,134,63.98
0709210f-59e7-45dd-9cd2-e0b4d9b35560,second,still,362.01,2023-09-04,225,67.82
3b806a91-312f-4b32-a3cf-d5907308ff61,election,staff,375.2,2021-05-13,352,32.82
180aa782-adbc-4b13-90a5-a4f39888a435,dream,war,754.65,2021-05-02,396,49.53
ed8c8355-51bc-4462-b593-0067fa5cfbb1,few,common,988.82,2023-07-24,958,56.7
a5afbbde-6bbb-4f58-8b15-437c0ca44654,green,meeting,262.54,2022-01-26,237,76.98
c80c7b7a-7bf1-4af0-ac31-d157a0118969,our,school,405.44,2021-08-09,340,16.22
612ab9d4-dcb8-4cd9-9699-c41f8498c6e0,community,room,369.27,2021-03-17,573,96.7
db032966-959d-4d88-bfb4-b77c64b010f7,support,really,754.83,2022-08-21,609,52.28
b4282dc5-10f4-4d0e-9465-539a6e4aa200,administration,hit,450.24,2024-05-23,225,43.69
bf484e6e-7bff-4175-8edd-8ddff814d659,investment,remember,703.37,2024-03-08,557,69.55
59cd1c9a-bfb3-4d48-aee0-fb0772233730,standard,behavior,222.1,2022-12-07,772,26.25
a97c1a59-b0c7-4c5e-b70d-f0e9098a50a0,difficult,the,679.07,2023-12-01,444,5.05
5f0d1aee-40a6-4b42-a6e7-d8fe5cac9788,public,school,515.23,2020-04-12,483,86.96
ca870503-5485-4b16-bb14-56405c415e2c,fly,piece,910.1,2022-07-16,576,74.91
ba254fd4-ba7e-48a9-b24c-48fed956bde1,most,hand,64.58,2022-09-13,546,83.82
ea0ce5c2-741b-48b1-a750-393e02539fd1,election,structure,942.74,2022-05-05,842,53.12
8849cafa-3f6a-47a7-bd1d-02bd037f5341,myself,catch,737.54,2022-06-08,926,52.22
09e601ff-bf0d-43ba-8b71-399f6450c5ee,boy,Mr,915.05,2024-03-26,949,11.58
570363c9-4bcb-485e-a2b5-fb553c5d589f,very,fill,529.34,2020-03-22,941,60.32
3378f22f-cca0-44e6-93f2-835c51531463,thus,your,599.64,2020-05-18,47,88.39
1ab8f188-c13d-4ea9-a150-be0e31243836,collection,remain,419.99,2021-11-28,148,81.73
b0a4ad66-57b9-4b58-ae25-5968059c5387,case,education,76.58,2022-10-04,313,46.66
f8b95859-e7cb-4f20-b045-014ac3d5d857,paper,state,148.5,2021-12-24,72,19.77
0117211a-fa93-46b9-ab59-1277d61a16b6,past,course,410.23,2021-01-30,977,45.71
62a901b9-302b-402d-80cb-a70a92a50cc4,sure,together,214.32,2021-10-11,564,53.19
ddac48be-0aed-43d7-a0c7-df7a5db84761,structure,government,991.53,2022-09-02,994,73.55
e9740c9c-246d-43ee-bef7-04be18d76b2c,develop,clearly,955.69,2023-03-19,489,9.45
429cbba0-ad2c-488d-8e1c-792696f190b7,yeah,probably,566.02,2023-09-30,783,5.44
e41132dc-3463-4366-bc97-2cf9e83ee88b,lawyer,live,612.99,2020-03-31,731,56.08
c93b51cd-ad8c-439c-ad0a-3d61741e4ca6,different,political,913.68,2020-03-03,830,17.08
b7b58dda-e211-45a7-88d2-28c97386dfce,power,financial,920.56,2020-07-26,294,9.91
ba093a21-769c-4f92-9704-745d31e1cc22,activity,plant,567.87,2021-04-14,477,8.11
8a624d86-b847-45b4-8a4a-4a26df206c1f,whatever,military,220.02,2023-11-01,662,5.42
c079dfb2-b09c-4ba0-a3cc-5669f38789e4,total,most,562.98,2021-01-20,480,10.6
14f50a56-8cf7-4211-b43f-eb2c5379043b,open,yourself,245.46,2020-07-24,262,31.89
2690d929-0895-4708-8839-033bf7b5bc2e,as,still,442.48,2020-09-13,713,38.2
b2d301b4-2b4a-4bc2-834b-36ba242de9c9,school,stage,396.13,2023-07-19,359,57.66
fa514e24-63fa-495c-894b-b0844ff64442,major,effort,612.17,2020-01-09,779,12.5
95d3f62f-c58c-4be6-b285-77b7c30e4356,prove,sea,669.97,2021-09-05,841,26.22
f5360238-4fb6-43a7-83e2-dfb8e9ccb280,significant,guess,613.66,2023-03-01,730,61.23
d6b3079e-9f89-4f4e-acdd-0690dc8d7321,recognize,tough,759.21,2023-05-18,384,32.37
852c4a73-6bc0-4e1c-8192-b858618672a3,effort,quickly,868.95,2020-05-18,719,58.65
c5d4939b-b0db-400f-977f-94e57edebdd1,wish,money,826.71,2022-03-16,603,68.2
0e08df0b-b6d1-4052-b2ed-a22cf4b2d053,song,finally,408.07,2023-10-20,863,53.06
d90838cd-c3df-468c-90e6-ec56d1510956,seat,cup,442.47,2023-11-10,795,45.16
ca314c8b-1aa2-4fd8-aba5-99423cf7fa3f,pass,analysis,356.52,2020-04-24,670,45.96
abae2594-abb5-41bd-bd4d-acfc22a07f69,suffer,nothing,74.38,2020-01-17,626,50.73
bf2ac8ec-4694-41b0-aee6-621d7127dcaa,realize,institution,179.96,2023-08-24,59,76.03
972c83d0-877e-4fd1-9b0d-a3fcd8869add,hard,lot,155.12,2023-11-03,454,4.69
89aab907-efe7-41ee-a355-5450ec3a2af8,suffer,firm,834.25,2020-12-17,103,7.06
8bcb5d7c-7350-4653-9963-1d6a8a3ce984,together,increase,768.7,2024-05-30,637,80.29
16ff2d2b-8d5a-4ac1-b7d8-22220ee25036,and,base,512.68,2020-03-25,857,56.29
cf57dcb2-7350-4c81-9cc1-7de02e995968,act,week,567.9,2022-04-23,361,69.23
4fade9a1-d176-4420-aa8c-44ff63408d9a,heart,author,511.74,2024-02-21,301,51.09
52a7a395-42bc-486b-9189-efb9e82b078e,seat,process,898.33,2020-07-08,471,92.5
4dc43f72-a28a-4505-8895-98331cfc8e66,question,stop,909.7,2023-04-25,502,90.83
f4a01e3d-ead6-4063-9399-9850c974e1b5,yourself,like,998.1,2020-10-07,563,12.16
def49b40-5fd9-480e-9e3c-645cf1b4ce01,bank,medical,526.48,2021-12-08,557,16.01
3b53ff2a-141d-43be-a0ef-1eed94622167,join,teacher,73.57,2023-03-16,705,25.77
bcadf31f-6268-462f-b0d8-a0eb5d6a2c00,just,effect,157.88,2021-12-11,949,19.85
cf6e397e-d72e-4434-9972-471bb423d6a1,nation,cut,48.46,2022-07-09,767,65.57
65e8b692-079f-45bd-91b3-f31678bc18de,season,art,153.56,2020-02-21,272,15.79
f82439f0-ae59-4583-8adc-183aef063f16,end,exist,903.29,2021-11-10,629,68.33
e2bc1ca7-5a66-4301-b435-337cefcbb803,process,us,720.16,2022-02-14,481,32.56
8e3ca139-4ef0-4bdd-bcb1-6101931b7320,unit,these,71.32,2021-01-28,701,77.74
a537bf51-e3bf-45b0-b071-b006f9bf6c7b,watch,young,203.12,2020-10-23,648,25.56
eb5a690b-bd44-40ae-9c46-ba0bd6089147,reveal,three,209.74,2022-03-06,414,2.93
4ed41dd8-5fff-4487-b48e-7a2174d333a8,lawyer,family,805.4,2020-01-04,342,78.2
c911fbe6-ca99-4c76-bbdd-21c3f786df58,summer,win,345.83,2023-05-14,729,59.6
9598ef0d-89fd-408f-baea-f9ea9a00cf41,will,benefit,905.84,2020-09-19,429,35.99
ac8cca00-91fa-4ff8-aabc-f3ccd18c7759,mission,price,358.75,2021-02-06,587,15.2
bcde7e89-c4aa-4353-aace-7b3affced235,ability,marriage,404.65,2021-12-22,992,21.42
74559b8f-cf19-4108-9575-8e596428fccb,wife,why,327.99,2023-04-04,421,51.19
bfffd39f-1a4e-4811-bc9a-db60c9b2114f,do,go,541.42,2020-11-25,265,83.26
84106063-490c-40f4-83c7-a2fe757b4e63,environment,whole,829.97,2022-09-24,694,35.84
b2e02220-4034-4d9a-9f94-ba016fb03c24,total,close,133.13,2024-02-16,756,26.68
7bf72222-9180-4f32-903c-ca094d165993,include,success,157.55,2022-12-28,554,96.39
52dfdae7-9411-4ff1-8c60-481328da6278,evidence,least,968.07,2022-03-26,866,10.07
009f47aa-1ea1-4a5b-9177-4e676f583eac,low,easy,370.88,2024-01-19,535,21.53
7ec66e34-dd8c-4337-9fb6-f45db1b795ca,job,guess,740.82,2022-11-27,538,52.16
040bc498-9d6d-4b03-9bc8-ff226149cc23,exactly,break,10.45,2021-01-27,511,29.32
f71a30a0-3ab8-467a-b46b-86310f4234d6,couple,across,161.7,2023-07-06,252,74.84
76c696e0-5304-4c13-8dbe-47166da74643,perhaps,though,530.84,2020-12-19,632,5.13
8339635c-ff8d-4f5c-81c7-05c435dd901a,development,until,801.65,2020-10-21,576,91.65
6a23e37f-3434-46a0-ab6a-e8e24877800b,base,baby,834.65,2023-03-05,396,57.91
e041662f-a026-4a03-a386-f86fee6fb144,involve,seat,752.87,2024-05-11,566,62.92
96bfc613-c0da-417c-9efb-8f338c20bfa9,effort,middle,394.61,2024-04-10,483,16.28
d96bdbbf-0873-46c4-bd7c-657d0d9964b3,social,group,126.99,2023-08-11,463,39.64
d09f62c1-817e-4d37-bb7b-5b208589b519,report,learn,315.35,2024-03-24,592,75.62
df9258e0-617a-4369-a6c7-ce7b9770feb2,service,put,544.45,2024-01-31,940,27.03
c6da0adc-0d55-4342-b8d9-bf593c346ebd,budget,whatever,969.22,2024-01-31,476,43.89
16e30b4a-8dc4-4de8-b669-93c576af474a,effort,necessary,274.69,2024-04-05,370,44.05
3b78c154-ba8c-4f19-bf7b-09a54fb7bdaa,behavior,generation,490.89,2024-05-07,912,38.02
719263ca-379f-43aa-b6d1-7e7af96298fe,fall,window,243.43,2023-04-10,227,73.65
16e06029-803e-4fff-999c-1ce547e94957,enough,entire,674.48,2024-02-16,196,33.11
7a0fafba-3d17-4e06-a1c0-8072f6d5674a,board,listen,885.44,2022-09-19,401,8.18
04300706-a51e-4f6e-969f-28de4e8e4122,election,look,80.46,2022-05-26,359,22.08
75834463-e613-4932-8358-26372a2027f0,product,finish,950.2,2022-07-24,297,6.8
edac3b0a-45fb-47b5-b3b0-914fc206b2d7,tonight,as,554.95,2023-06-09,282,79.13
f77ba68d-c842-4e88-b0cd-04077e73ac3e,set,serve,93.52,2022-08-27,962,35.79
e0ca2c0e-2012-4308-a2ef-2b9785afba8a,through,society,654.16,2021-04-11,883,88.62
9c8ca48c-d8c1-422e-a409-bfcf897caba4,stuff,each,696.7,2020-12-20,165,13.33
59280f5b-01ed-4cb7-b5c6-2ebbe68e473a,note,according,447.52,2020-11-11,573,57.39
dc325243-f81b-457a-8e6c-4f3b003a33fd,window,agreement,23.43,2023-08-25,88,17.92
332fb804-3485-4eb8-a318-69b6b937ebf7,risk,nearly,154.47,2023-09-18,159,58.43
7074675a-e52d-4780-a566-db9fd43f317a,understand,me,314.65,2023-03-28,888,99.41
a5d9789d-0938-4a7d-80d9-49994c59a22f,site,send,838.92,2020-03-26,200,7.94
3bae8136-e05b-426e-bddb-9534cff1c4e3,fund,wife,244.22,2024-04-08,429,33.65
f26b3ece-2a38-4b41-b6d2-7246c19a1f65,indicate,study,98.54,2020-04-05,454,37.3
6c551db2-4fef-41ac-abde-71a69738f137,war,this,636.21,2021-01-31,261,42.54
e7d8bf60-a679-4832-8313-71c5bf09a1ee,apply,court,190.24,2020-01-08,573,50.43
90b4e3ef-2101-4470-bf11-2074ac310363,trade,garden,893.17,2024-03-22,768,64.95
e5172e70-d1dc-4172-9f02-67c97075b634,put,also,146.08,2023-11-26,544,92.78
f377e9ad-7d42-4242-b75f-8e12dae03d71,heavy,rule,110.38,2024-03-09,941,99.65
1e3b40d3-4050-4107-88c9-6927c363f1e9,even,risk,299.46,2024-01-05,659,60.44
4c549695-f6e1-41c6-af78-7984381aa585,attack,send,728.64,2023-10-18,471,59.79
9a4bc63a-08ec-4154-9e32-3bd7a9de31cc,concern,scene,692.8,2021-01-28,257,26.68
4e550210-cf75-4ff2-974b-67930e22a5c6,result,voice,589.04,2021-02-04,590,47.56
2c3781e3-da92-4ab3-a4a7-84c6ecbd6086,send,tax,475.55,2023-09-28,344,91.06
53f8ccec-218b-4017-bb24-40176e3c9887,month,word,244.96,2022-08-20,904,18.63
aa852ebb-92f6-4ef9-8707-994d2636f06f,including,country,753.98,2022-07-19,623,92.89
4fa2966f-f925-4035-b427-c9e4523e15ae,song,address,348.42,2021-03-09,122,96.84
54454717-9ed5-4c21-93ca-ee2d1b65e29f,value,agree,54.53,2023-11-06,213,16.31
8b426de8-9cd8-4e2d-883c-90a899d0fdfb,economy,successful,682.62,2021-03-13,56,48.1
147333a9-d371-43f9-8f98-58933e882d24,test,success,496.8,2024-02-13,407,36.01
ae99376b-5dff-49f0-9a5f-13c8c7526ac3,hot,join,197.75,2021-05-03,271,55.4
a8660bb3-bc4b-40ca-ae55-51dd6c9ec14d,reduce,assume,742.03,2023-01-04,733,24.04
74a70ab0-fa50-4133-bf8b-c1e0f754b1a4,reflect,hope,26.33,2021-09-28,632,92.83
743eccdf-edd8-407b-965e-533256d81570,later,institution,638.82,2020-11-03,497,28.01
82df0a43-bf61-447d-a363-71c67746712d,over,player,151.49,2021-06-10,500,55.07
a137ef49-3292-43ba-9892-48a4ea929789,close,himself,520.45,2023-08-06,722,96.78
0f601363-4021-45fb-9486-3afc03656d17,eight,response,413.46,2021-03-28,358,98.4
ff98645c-848b-440c-8af4-a061560ed795,exactly,long,378.33,2022-03-13,71,16.76
1095bb20-eaed-473a-8a89-ab9a887449a9,range,buy,424.62,2022-05-11,562,70.87
53e33a41-9198-4430-bc10-8705289ae0e1,leave,fight,858.24,2020-02-09,319,69.44
2cce65bd-ceb1-4051-b5b4-ff6af6ea0429,different,total,934.46,2023-11-01,675,34.37
1e4c13b6-4f16-4a3e-978a-0e9840f0acac,election,pick,469.97,2020-07-29,993,9.9
1d5e60bb-688e-48a6-8c30-dfa7c56fa03d,hard,student,777.7,2022-02-03,197,52.24
8aa180b0-6911-43f3-b105-7c681f2c44bd,decade,side,479.86,2023-12-29,818,30.46
e8764641-e041-4f13-88e3-76b403fadb55,time,shoulder,749.33,2023-06-11,467,49.41
1b2374f7-28f3-43b6-87c1-522fcf0a5752,Republican,everything,866.09,2021-12-04,910,32.73
79f28333-da16-460f-9bee-41df3198e4d9,fast,audience,652.44,2024-05-16,737,28.77
62e5e923-a2a6-4c39-8578-50fbac4168a2,war,carry,272.83,2021-05-13,67,98.55
ea1af6cc-2485-47b9-b70b-5b5a49413826,song,decide,914.12,2021-08-23,653,77.99
4b798fea-b26e-4284-82b2-05430a8e90ca,citizen,chance,805.01,2022-06-23,963,38.56
24e06efc-8613-4535-9bb4-01693f653964,old,center,186.76,2020-02-17,606,33.8
11cc7dd9-3627-4b6d-bef7-5a279e1868fe,threat,fire,999.63,2023-10-25,674,11.94
7de675dc-f1ac-49b2-b152-ea037e0b44b6,adult,interest,618.04,2023-03-26,650,3.64
f3864818-ffc1-4f32-8b21-9082818d97f4,customer,movie,483.75,2020-11-15,355,67.63
19f33959-6a89-42a6-934b-75cd42e1849f,stage,country,265.24,2022-06-15,627,99.21
c162a0a9-7225-4c85-bc05-f581672cc7f5,feel,control,726.07,2024-02-11,315,2.56
068b7bcc-8613-47f0-a920-ca96184382d2,challenge,throughout,395.4,2021-02-06,819,97.31
9f40651c-b78a-41be-a212-dbcb86cdc3a4,card,write,929.76,2021-08-12,152,53.43
6007ce43-854d-42be-ad84-9e5e2fca537e,suffer,respond,142.49,2023-01-31,47,42.45
